Workbook

Sheet Timeline tổng quan
A1: KHUNG TIMELINE TIẾN ĐỘ DỰ ÁN / NGHIÊN CỨU
A3: Tên đề tài / dự án: | C3: Thiết kế và mô phỏng Campus Network kết hợp SDN + SD-WAN trên EVE-NG | G3: Ngày bắt đầu: | I3: 46242
A4: Sinh viên / Nhóm: | C4: Trần Hữu Nhân - 52300235 , Nguyễn Nhật Hào - 523002198 | E4: Giảng viên hướng dẫn: | G4: Lê Viết Thanh
A5: Deadline chính thức: | C5: 46347 | D5: Báo cáo sạch hoàn tất: | F5: 46332 | G5: Thời gian dự phòng: | I5: 07/11–20/11/2026
A6: Mục tiêu chính: | C6: [Mô tả ngắn 1–2 câu về mục tiêu chung của đề tài/dự án]
A7: Mục tiêu chính: Thiết kế và mô phỏng hệ thống mạng Campus 4 site (Campus chính + Cần Thơ/Đà Nẵng/Nha Trang) kết hợp SDN (Ryu/OpenFlow 1.3 quản lý 6 switch OVS) và SD-WAN (vManage/vSmart/vBond + vEdge) trên EVE-NG; triển khai DHCP, Firewall HA, Syslog; kiểm thử kết nối chi nhánh.
A8: Tổng hạng mục | C8: Hoàn thành | E8: Đang thực hiện | G8: Chưa bắt đầu | I8: Mốc báo cáo sạch
A9: =COUNTA(C13:C39) -> 27 | C9: =COUNTIF(H13:H39,"Hoàn thành") -> 7 | E9: =COUNTIF(H13:H39,"Đang thực hiện") -> 3 | G9: =COUNTIF(H13:H39,"Chưa bắt đầu") -> 17 | I9: 46332
A11: STT | B11: Giai đoạn | C11: Hạng mục công việc | D11: Nội dung cần thực hiện / Gợi ý chỉnh sửa | E11: Bắt đầu | F11: Hạn hoàn thành | G11: Kết quả đầu ra gợi ý | H11: Trạng thái | I11: Người phụ trách / Ghi chú
A13: 1 | B13: I. ĐỊNH HƯỚNG & PHƯƠNG PHÁP LUẬN | C13: Xác định bài toán, mục tiêu và phạm vi | D13: Làm rõ vấn đề cần giải quyết; đối tượng sử dụng/đối tượng nghiên cứu; mục tiêu chính, mục tiêu phụ; phạm vi làm và không làm. Có thể thay bằng yêu cầu môn học hoặc yêu cầu của giảng viên. | E13: 46242 | F13: 46242 | G13: Tuyên bố bài toán + mục tiêu + phạm vi 1 trang | H13: Hoàn thành | I13: Đề tài đã chốt: Campus Network kết hợp SDN + SD-WAN (3 lớp core-distribution-access, HA firewall, DMZ, 3 chi nhánh)
A14: 2 | C14: Khảo sát tài liệu, sản phẩm hoặc giải pháp liên quan | D14: Tìm các bài báo, tài liệu kỹ thuật, sản phẩm tương tự, tiêu chuẩn hoặc nguồn dữ liệu liên quan. Ghi lại điểm mạnh, hạn chế và khoảng trống mà đề tài có thể xử lý. | E14: 46242 | F14: 46246 | G14: Danh mục tài liệu + bảng tổng hợp Related Work / Existing Solutions | H14: Hoàn thành | I14: Nghiên cứu SDN/OpenFlow/Ryu + SD-WAN vManage/vSmart/vBond/vEdge; docs: HuondanchitietController_OVS.md, campus_network_sdn_sdwan.md
A15: 3 | C15: Chọn hướng tiếp cận / phương pháp thực hiện | D15: Chốt phương pháp, kiến trúc, mô hình, thuật toán, quy trình hoặc stack công nghệ ở mức đủ để bắt đầu thiết kế. Nêu lý do chọn và tiêu chí để đánh giá hiệu quả. | E15: 46242 | F15: 46246 | G15: Sơ đồ phương pháp/kiến trúc ban đầu + tiêu chí đánh giá | H15: Hoàn thành | I15: Chốt stack: Ryu + OpenFlow 1.3, OVS, ASAv HA, IOL, EVE-NG (host 1 + host 2 dự phòng)
A16: 4 | C16: Lập kế hoạch công việc, phân công và rủi ro | D16: Chia đầu việc theo thành viên; xác định phụ thuộc; repo, thư mục, quy tắc đặt tên, cách lưu bằng chứng; dự đoán rủi ro và phương án dự phòng. | E16: 46242 | F16: 46246 | G16: WBS/backlog + phân công + checklist rủi ro + quy ước làm việc | H16: Hoàn thành | I16: Template timeline này + configs/README.md + repo git (nhanhuutran007)
A17: 5 | B17: II. THIẾT KẾ & CHUẨN BỊ | C17: Thiết kế giải pháp / hệ thống / quy trình chi tiết | D17: Biến ý tưởng thành sơ đồ có thể triển khai: thành phần, luồng xử lý, dữ liệu vào/ra, giao tiếp giữa các module, các bước thí nghiệm hoặc workflow chính. | E17: 46242 | F17: 46246 | G17: Sơ đồ thiết kế phiên bản 1 + mô tả từng thành phần | H17: Hoàn thành | I17: campus_network_sdn_sdwan.md: bảng IP 2.0-2.4, topo .unl 67 node, VLAN/DHCP (hoàn tất 12/08)
A18: 6 | C18: Chuẩn bị môi trường, dữ liệu và công cụ | D18: Cài đặt môi trường; chuẩn bị máy ảo/container/phần mềm; dữ liệu mẫu; tài khoản; quyền truy cập; thư viện; cấu hình; tài nguyên cần thiết cho dự án. | E18: 46242 | F18: 46246 | G18: Môi trường tái tạo được + hướng dẫn cài đặt ngắn | H18: Hoàn thành | I18: EVE-NG host 1 (10.215.28.26) + host 2 dự phòng, đủ image, configs/ cho 51 node
A19: 7 | C19: Xây dựng kế hoạch kiểm thử / đánh giá | D19: Định nghĩa test case, kịch bản thí nghiệm, baseline, tiêu chí đạt/không đạt, các chỉ số cần đo và cách thu thập bằng chứng. | E19: 46261 | F19: 46270 | G19: Test plan + metric + expected result + baseline | H19: Chưa bắt đầu
A20: 8 | C20: Làm Proof of Concept / kiểm tra khả thi | D20: Triển khai một phần nhỏ để kiểm tra hướng tiếp cận có chạy được hay không trước khi đầu tư toàn bộ thời gian. Ghi lại vấn đề kỹ thuật quan trọng. | E20: 46242 | F20: 46246 | G20: PoC hoạt động + danh sách vấn đề cần xử lý | H20: Hoàn thành | I20: SDN 6/6 OVS kết nối Ryu 10.1.99.10:6653; DHCP 3 chi nhánh hoạt động; FW HA + ASDM OK (12/08)
A21: 9 | B21: III. TRIỂN KHAI / THỰC NGHIỆM | C21: Xây dựng phiên bản tối thiểu hoạt động (MVP) | D21: Hoàn thành luồng chính hoặc chức năng cốt lõi ở mức chạy được từ đầu đến cuối. Không ưu tiên giao diện hoặc tối ưu sớm. | E21: 46242 | F21: 46277 | G21: MVP / prototype chạy được | H21: Đang thực hiện | I21: SDN campus chạy, chi nhánh DHCP OK; còn hoàn thiện overlay SD-WAN (dán config vEdge)
A22: 10 | C22: Hoàn thiện các thành phần chính | D22: Phát triển đầy đủ các module, chức năng, thuật toán, cấu hình hoặc bước thí nghiệm còn thiếu; cập nhật tài liệu kỹ thuật song song. | E22: 46242 | F22: 46284 | G22: Các thành phần chính hoàn tất độc lập | H22: Đang thực hiện | I22: Còn: DHCP-Server campus (node 72), dán config vEdge, vManager/vSmart/vBond GUI, OVS scripts host 2
A23: 11 | C23: Tích hợp các thành phần và luồng hoàn chỉnh | D23: Kết nối các module; xử lý interface, dữ liệu trung gian, cấu hình và phụ thuộc; kiểm tra luồng từ input đến output. | E23: 46285 | F23: 46291 | G23: Phiên bản tích hợp hoàn chỉnh | H23: Chưa bắt đầu
A24: 12 | C24: Debug, ổn định và chuẩn hóa phiên bản | D24: Sửa lỗi, xử lý trường hợp biên, làm sạch cấu hình/mã nguồn, ghi phiên bản ổn định. Chỉ giữ các thay đổi cần thiết để phục vụ đánh giá. | E24: 46292 | F24: 46298 | G24: Release/Version ổn định để đưa vào đánh giá | H24: Chưa bắt đầu
A25: 13 | C25: Duy trì nhật ký kỹ thuật và bằng chứng | D25: Trong suốt giai đoạn triển khai, lưu screenshot/log/output/commit/ghi chú lỗi và cách xử lý để sau này viết báo cáo không phải làm lại. | E25: 46242 | F25: 46298 | G25: Technical log + evidence folder + lịch sử phiên bản | H25: Đang thực hiện | I25: SKILL.md + git log + configs/ lưu nhật ký + bằng chứng từng phiên
A26: 14 | B26: IV. KIỂM THỬ & ĐÁNH GIÁ | C26: Chạy các kịch bản kiểm thử chính thức | D26: Thực hiện đúng test plan đã chốt; ghi điều kiện test, phiên bản, dữ liệu đầu vào, kết quả thực tế và các trường hợp bất thường. | E26: 46299 | F26: 46305 | G26: Bảng kết quả test + bằng chứng | H26: Chưa bắt đầu
A27: 15 | C27: Thu thập và làm sạch dữ liệu / kết quả | D27: Lặp lại phép đo nếu cần; loại dữ liệu sai có lý do; chuẩn hóa đơn vị, tên file, cấu trúc dữ liệu. Đảm bảo có thể truy vết từ biểu đồ về dữ liệu gốc. | E27: 46306 | F27: 46312 | G27: Dataset/result set sạch + raw data lưu riêng | H27: Chưa bắt đầu
A28: 16 | C28: Phân tích kết quả và tạo bảng/biểu đồ | D28: Tổng hợp metric; so sánh với baseline hoặc yêu cầu ban đầu; tạo biểu đồ, bảng, hình minh họa; chỉ ra xu hướng và kết quả đáng chú ý. | E28: 46313 | F28: 46319 | G28: Bộ bảng/biểu đồ cuối + phần nhận xét sơ bộ | H28: Chưa bắt đầu
A29: 17 | C29: Đối chiếu mục tiêu, hạn chế và độ tin cậy | D29: Trả lời từng mục tiêu/câu hỏi ban đầu bằng kết quả thu được. Nêu giới hạn, trường hợp chưa xử lý, sai số, rủi ro và hướng cải tiến. | E29: 46317 | F29: 46323 | G29: Bảng đối chiếu Objective → Evidence → Conclusion + Limitations | H29: Chưa bắt đầu
A30: 18 | B30: V. VIẾT & HOÀN THIỆN BÁO CÁO | C30: Lập outline và viết các phần nền tảng | D30: Chốt mục lục; viết Introduction/Background/Related Work/Requirement/Methodology hoặc các chương tương đương theo yêu cầu môn học. | E30: 46299 | F30: 46312 | G30: Khoảng 40–50% bản thảo + outline cố định | H30: Chưa bắt đầu
A31: 19 | C31: Viết phần triển khai, kiểm thử và kết quả | D31: Dùng trực tiếp technical log, evidence và số liệu đã thu thập; mô tả đủ để người khác hiểu cách thực hiện và kiểm chứng kết quả. | E31: 46313 | F31: 46323 | G31: Bản thảo gần đầy đủ các phần Implementation/Evaluation/Results | H31: Chưa bắt đầu
A32: 20 | C32: Hoàn thành bản thảo đầy đủ | D32: Bổ sung Discussion/Conclusion/Future Work; kiểm tra các hình, bảng, phụ lục, danh mục tài liệu; không để placeholder quan trọng. | E32: 46324 | F32: 46326 | G32: Bản thảo 100% nội dung – version review | H32: Chưa bắt đầu
A33: 21 | C33: Review chéo / nhận góp ý và chỉnh sửa | D33: Tự đọc như người chấm; nhờ thành viên/giảng viên phản biện; kiểm tra logic, thuật ngữ, số liệu, trích dẫn và sự nhất quán giữa báo cáo với sản phẩm. | E33: 46327 | F33: 46330 | G33: Danh sách feedback đã xử lý + bản sửa lần cuối | H33: Chưa bắt đầu
A34: 22 | B34: V. VIẾT & HOÀN THIỆN BÁO CÁO | C34: Chốt BÁO CÁO SẠCH trước ≥ 2 tuần | D34: Hoàn tất nội dung, chính tả, định dạng, caption, đánh số hình/bảng, mục lục, tài liệu tham khảo, phụ lục và kiểm tra trùng lặp theo yêu cầu. Sau mốc này không thêm nội dung lớn nếu không bắt buộc. | E34: 46331 | F34: 46332 | G34: BẢN BÁO CÁO SẠCH / FINAL CONTENT – sẵn sàng nộp | H34: Chưa bắt đầu | I34: MỐC BẮT BUỘC
A35: 23 | B35: VI. ĐÓNG GÓI, TRÌNH BÀY & DỰ PHÒNG | C35: Chuẩn bị slide / poster / demo | D35: Chuyển nội dung chính thành bài trình bày ngắn gọn: vấn đề, phương pháp, kết quả, đóng góp và demo. Ưu tiên thông điệp hơn chi tiết. | E35: 46333 | F35: 46339 | G35: Slide/poster/demo version hoàn chỉnh | H35: Chưa bắt đầu
A36: 24 | C36: Đóng gói source code, dữ liệu và phụ lục | D36: Làm sạch repo, README, cấu hình, dữ liệu mẫu, file kết quả, hướng dẫn chạy, danh sách dependency và các file cần nộp. | E36: 46333 | F36: 46340 | G36: Submission package tái tạo được | H36: Chưa bắt đầu
A37: 25 | C37: Tập thuyết trình và chuẩn bị câu hỏi phản biện | D37: Chạy thử đúng thời lượng; chia phần trình bày; chuẩn bị câu trả lời cho mục tiêu, lý do chọn phương pháp, số liệu, hạn chế và hướng phát triển. | E37: 46340 | F37: 46343 | G37: Kịch bản thuyết trình + Q&A checklist | H37: Chưa bắt đầu
A38: 26 | C38: Kiểm tra cuối và giữ buffer xử lý sự cố | D38: Kiểm tra tên file, định dạng, link, quyền truy cập, demo offline, backup và yêu cầu nộp. Chỉ xử lý lỗi bắt buộc; tránh thay đổi lớn vào phút cuối. | E38: 46344 | F38: 46346 | G38: Bộ hồ sơ cuối + ít nhất 2 bản backup | H38: Chưa bắt đầu
A39: 27 | B39: VI. ĐÓNG GÓI, TRÌNH BÀY & DỰ PHÒNG | C39: Nộp / bảo vệ / trình bày theo deadline | D39: Thực hiện nộp bài, demo hoặc bảo vệ theo yêu cầu chính thức. Xác nhận đã nộp thành công và lưu lại bằng chứng. | E39: 46347 | F39: 46347 | G39: Xác nhận nộp / hoàn thành trình bày | H39: Chưa bắt đầu | I39: DEADLINE

Sheet Hướng dẫn sử dụng
A1: HƯỚNG DẪN SỬ DỤNG TEMPLATE
A3: Mục | B3: Bạn cần chỉnh gì? | C3: Cách sử dụng | D3: Nên giữ cố định | E3: Ví dụ thay thế | F3: Lưu ý
A4: 1 | B4: Thông tin đầu trang | C4: Điền tên đề tài, nhóm, giảng viên và mục tiêu. | D4: Ngày bắt đầu 08/08/2026; deadline 21/11/2026 nếu lớp dùng chung mốc này. | E4: Website / AI / IoT / Network / Data / Mobile / Research… | F4: Không để tên đề tài mẫu.
A5: 2 | B5: Tên hạng mục công việc | C5: Đổi tên để khớp với đề tài thực tế nhưng giữ logic của từng giai đoạn. | D5: Thứ tự: định hướng → thiết kế → triển khai → đánh giá → viết → đóng gói. | E5: “Xây dựng MVP” → “Huấn luyện mô hình baseline” hoặc “Dựng lab prototype”. | F5: Không cần giữ nguyên từ ngữ.
A6: 3 | B6: Nội dung cần thực hiện | C6: Viết rõ nhóm sẽ làm những thao tác cụ thể nào. | D6: Mỗi dòng phải đủ để biết khi nào công việc được xem là xong. | E6: “Thu thập dữ liệu” → ghi nguồn, số lượng, cách làm sạch. | F6: Tránh ghi quá chung như “Làm project”.
A7: 4 | B7: Kết quả đầu ra | C7: Đổi thành artefact cụ thể có thể kiểm tra. | D7: Mỗi task nên có ít nhất 1 đầu ra. | E7: Code, diagram, dataset, test report, biểu đồ, video demo… | F7: Đầu ra càng cụ thể càng dễ quản lý tiến độ.
A8: 5 | B8: Ngày bắt đầu / hạn | C8: Có thể dịch chuyển theo độ khó và lịch học. | D8: Báo cáo sạch phải hoàn tất chậm nhất 06/11/2026 trong template này. | E8: Task khó có thể kéo dài 2–3 tuần và chồng lấn. | F8: Không dồn viết báo cáo vào 2 tuần cuối.
A9: 6 | B9: Trạng thái | C9: Chọn từ dropdown: Chưa bắt đầu / Đang thực hiện / Hoàn thành / Tạm hoãn – Bị chặn. | D9: Cập nhật ít nhất 1 lần/tuần. | E9: Một task chỉ “Hoàn thành” khi đầu ra đã tồn tại. | F9: Không đánh Done chỉ vì đã bắt đầu.
A10: 7 | B10: Người phụ trách / ghi chú | C10: Ghi tên người chịu trách nhiệm chính, blocker hoặc link tài liệu. | D10: Mỗi task nên có owner chính nếu làm theo nhóm. | E10: An – owner; Bình – reviewer; Link Git/Drive. | F10: Có thể ghi nhiều người nhưng chỉ nên có 1 owner.
A11: 8 | B11: Gantt tuần | C11: Tự động tham chiếu ngày bắt đầu và hạn hoàn thành từ Timeline tổng quan. | D11: Không sửa công thức trong vùng tuần nếu không cần. | E11: Chỉ cần đổi ngày ở sheet chính. | F11: Dùng để nhìn chồng lấn và tuần quá tải.
A13: MỐC QUẢN TRỊ KHUYẾN NGHỊ
A14: 06/11/2026 | B14: Báo cáo sạch hoàn tất | C14: Nội dung, trích dẫn, hình/bảng và định dạng đã chốt. | D14: Sau mốc này chỉ nên sửa lỗi bắt buộc.
A15: 07/11–20/11/2026 | B15: Buffer cuối | C15: Slide, demo, đóng gói source/data, rehearsal và dự phòng sự cố. | D15: Không dùng buffer để viết lại báo cáo từ đầu.

Sheet Gantt tuần
A1: GANTT TUẦN – TỰ ĐỘNG THEO NGÀY Ở SHEET “TIMELINE TỔNG QUAN”
A3: STT | B3: Giai đoạn | C3: Hạng mục | D3: Trạng thái | E3: 46242 | F3: 46249 | G3: 46256 | H3: 46263 | I3: 46270 | J3: 46277 | K3: 46284 | L3: 46291 | M3: 46298 | N3: 46305 | O3: 46312 | P3: 46319 | Q3: 46326 | R3: 46333 | S3: 46340 | T3: 46347
A4: ='Timeline tổng quan'!A13 -> 1 | B4: ='Timeline tổng quan'!B13 -> I. ĐỊNH HƯỚNG & PHƯƠNG PHÁP LUẬN | C4: ='Timeline tổng quan'!C13 -> Xác định bài toán, mục tiêu và phạm vi | D4: ='Timeline tổng quan'!H13 -> Hoàn thành | E4: =IF(AND(E$3<='Timeline tổng quan'!$F$13,E$3+6>='Timeline tổng quan'!$E$13),"■","") -> ■ | F4: =IF(AND(F$3<='Timeline tổng quan'!$F$13,F$3+6>='Timeline tổng quan'!$E$13),"■","") | G4: =IF(AND(G$3<='Timeline tổng quan'!$F$13,G$3+6>='Timeline tổng quan'!$E$13),"■","") | H4: =IF(AND(H$3<='Timeline tổng quan'!$F$13,H$3+6>='Timeline tổng quan'!$E$13),"■","") | I4: =IF(AND(I$3<='Timeline tổng quan'!$F$13,I$3+6>='Timeline tổng quan'!$E$13),"■","") | J4: =IF(AND(J$3<='Timeline tổng quan'!$F$13,J$3+6>='Timeline tổng quan'!$E$13),"■","") | K4: =IF(AND(K$3<='Timeline tổng quan'!$F$13,K$3+6>='Timeline tổng quan'!$E$13),"■","") | L4: =IF(AND(L$3<='Timeline tổng quan'!$F$13,L$3+6>='Timeline tổng quan'!$E$13),"■","") | ... T4: =IF(AND(T$3<='Timeline tổng quan'!$F$13,T$3+6>='Timeline tổng quan'!$E$13),"■","")
A5: ='Timeline tổng quan'!A14 -> 2 | B5: ='Timeline tổng quan'!B14 -> 0 | C5: ='Timeline tổng quan'!C14 -> Khảo sát tài liệu, sản phẩm hoặc giải pháp liên quan | D5: ='Timeline tổng quan'!H14 -> Hoàn thành | E5: =IF(AND(E$3<='Timeline tổng quan'!$F$14,E$3+6>='Timeline tổng quan'!$E$14),"■","") -> ■ | F5: =IF(AND(F$3<='Timeline tổng quan'!$F$14,F$3+6>='Timeline tổng quan'!$E$14),"■","") | G5: =IF(AND(G$3<='Timeline tổng quan'!$F$14,G$3+6>='Timeline tổng quan'!$E$14),"■","") | H5: =IF(AND(H$3<='Timeline tổng quan'!$F$14,H$3+6>='Timeline tổng quan'!$E$14),"■","") | I5: =IF(AND(I$3<='Timeline tổng quan'!$F$14,I$3+6>='Timeline tổng quan'!$E$14),"■","") | J5: =IF(AND(J$3<='Timeline tổng quan'!$F$14,J$3+6>='Timeline tổng quan'!$E$14),"■","") | K5: =IF(AND(K$3<='Timeline tổng quan'!$F$14,K$3+6>='Timeline tổng quan'!$E$14),"■","") | L5: =IF(AND(L$3<='Timeline tổng quan'!$F$14,L$3+6>='Timeline tổng quan'!$E$14),"■","") | ... T5: =IF(AND(T$3<='Timeline tổng quan'!$F$14,T$3+6>='Timeline tổng quan'!$E$14),"■","")
A6: ='Timeline tổng quan'!A15 -> 3 | B6: ='Timeline tổng quan'!B15 -> 0 | C6: ='Timeline tổng quan'!C15 -> Chọn hướng tiếp cận / phương pháp thực hiện | D6: ='Timeline tổng quan'!H15 -> Hoàn thành | E6: =IF(AND(E$3<='Timeline tổng quan'!$F$15,E$3+6>='Timeline tổng quan'!$E$15),"■","") -> ■ | F6: =IF(AND(F$3<='Timeline tổng quan'!$F$15,F$3+6>='Timeline tổng quan'!$E$15),"■","") | G6: =IF(AND(G$3<='Timeline tổng quan'!$F$15,G$3+6>='Timeline tổng quan'!$E$15),"■","") | H6: =IF(AND(H$3<='Timeline tổng quan'!$F$15,H$3+6>='Timeline tổng quan'!$E$15),"■","") | I6: =IF(AND(I$3<='Timeline tổng quan'!$F$15,I$3+6>='Timeline tổng quan'!$E$15),"■","") | J6: =IF(AND(J$3<='Timeline tổng quan'!$F$15,J$3+6>='Timeline tổng quan'!$E$15),"■","") | K6: =IF(AND(K$3<='Timeline tổng quan'!$F$15,K$3+6>='Timeline tổng quan'!$E$15),"■","") | L6: =IF(AND(L$3<='Timeline tổng quan'!$F$15,L$3+6>='Timeline tổng quan'!$E$15),"■","") | ... T6: =IF(AND(T$3<='Timeline tổng quan'!$F$15,T$3+6>='Timeline tổng quan'!$E$15),"■","")
A7: ='Timeline tổng quan'!A16 -> 4 | B7: ='Timeline tổng quan'!B16 -> 0 | C7: ='Timeline tổng quan'!C16 -> Lập kế hoạch công việc, phân công và rủi ro | D7: ='Timeline tổng quan'!H16 -> Hoàn thành | E7: =IF(AND(E$3<='Timeline tổng quan'!$F$16,E$3+6>='Timeline tổng quan'!$E$16),"■","") -> ■ | F7: =IF(AND(F$3<='Timeline tổng quan'!$F$16,F$3+6>='Timeline tổng quan'!$E$16),"■","") | G7: =IF(AND(G$3<='Timeline tổng quan'!$F$16,G$3+6>='Timeline tổng quan'!$E$16),"■","") | H7: =IF(AND(H$3<='Timeline tổng quan'!$F$16,H$3+6>='Timeline tổng quan'!$E$16),"■","") | I7: =IF(AND(I$3<='Timeline tổng quan'!$F$16,I$3+6>='Timeline tổng quan'!$E$16),"■","") | J7: =IF(AND(J$3<='Timeline tổng quan'!$F$16,J$3+6>='Timeline tổng quan'!$E$16),"■","") | K7: =IF(AND(K$3<='Timeline tổng quan'!$F$16,K$3+6>='Timeline tổng quan'!$E$16),"■","") | L7: =IF(AND(L$3<='Timeline tổng quan'!$F$16,L$3+6>='Timeline tổng quan'!$E$16),"■","") | ... T7: =IF(AND(T$3<='Timeline tổng quan'!$F$16,T$3+6>='Timeline tổng quan'!$E$16),"■","")
A8: ='Timeline tổng quan'!A17 -> 5 | B8: ='Timeline tổng quan'!B17 -> II. THIẾT KẾ & CHUẨN BỊ | C8: ='Timeline tổng quan'!C17 -> Thiết kế giải pháp / hệ thống / quy trình chi tiết | D8: ='Timeline tổng quan'!H17 -> Hoàn thành | E8: =IF(AND(E$3<='Timeline tổng quan'!$F$17,E$3+6>='Timeline tổng quan'!$E$17),"■","") -> ■ | F8: =IF(AND(F$3<='Timeline tổng quan'!$F$17,F$3+6>='Timeline tổng quan'!$E$17),"■","") | G8: =IF(AND(G$3<='Timeline tổng quan'!$F$17,G$3+6>='Timeline tổng quan'!$E$17),"■","") | H8: =IF(AND(H$3<='Timeline tổng quan'!$F$17,H$3+6>='Timeline tổng quan'!$E$17),"■","") | I8: =IF(AND(I$3<='Timeline tổng quan'!$F$17,I$3+6>='Timeline tổng quan'!$E$17),"■","") | J8: =IF(AND(J$3<='Timeline tổng quan'!$F$17,J$3+6>='Timeline tổng quan'!$E$17),"■","") | K8: =IF(AND(K$3<='Timeline tổng quan'!$F$17,K$3+6>='Timeline tổng quan'!$E$17),"■","") | L8: =IF(AND(L$3<='Timeline tổng quan'!$F$17,L$3+6>='Timeline tổng quan'!$E$17),"■","") | ... T8: =IF(AND(T$3<='Timeline tổng quan'!$F$17,T$3+6>='Timeline tổng quan'!$E$17),"■","")
A9: ='Timeline tổng quan'!A18 -> 6 | B9: ='Timeline tổng quan'!B18 -> 0 | C9: ='Timeline tổng quan'!C18 -> Chuẩn bị môi trường, dữ liệu và công cụ | D9: ='Timeline tổng quan'!H18 -> Hoàn thành | E9: =IF(AND(E$3<='Timeline tổng quan'!$F$18,E$3+6>='Timeline tổng quan'!$E$18),"■","") -> ■ | F9: =IF(AND(F$3<='Timeline tổng quan'!$F$18,F$3+6>='Timeline tổng quan'!$E$18),"■","") | G9: =IF(AND(G$3<='Timeline tổng quan'!$F$18,G$3+6>='Timeline tổng quan'!$E$18),"■","") | H9: =IF(AND(H$3<='Timeline tổng quan'!$F$18,H$3+6>='Timeline tổng quan'!$E$18),"■","") | I9: =IF(AND(I$3<='Timeline tổng quan'!$F$18,I$3+6>='Timeline tổng quan'!$E$18),"■","") | J9: =IF(AND(J$3<='Timeline tổng quan'!$F$18,J$3+6>='Timeline tổng quan'!$E$18),"■","") | K9: =IF(AND(K$3<='Timeline tổng quan'!$F$18,K$3+6>='Timeline tổng quan'!$E$18),"■","") | L9: =IF(AND(L$3<='Timeline tổng quan'!$F$18,L$3+6>='Timeline tổng quan'!$E$18),"■","") | ... T9: =IF(AND(T$3<='Timeline tổng quan'!$F$18,T$3+6>='Timeline tổng quan'!$E$18),"■","")
A10: ='Timeline tổng quan'!A19 -> 7 | B10: ='Timeline tổng quan'!B19 -> 0 | C10: ='Timeline tổng quan'!C19 -> Xây dựng kế hoạch kiểm thử / đánh giá | D10: ='Timeline tổng quan'!H19 -> Chưa bắt đầu | E10: =IF(AND(E$3<='Timeline tổng quan'!$F$19,E$3+6>='Timeline tổng quan'!$E$19),"■","") | F10: =IF(AND(F$3<='Timeline tổng quan'!$F$19,F$3+6>='Timeline tổng quan'!$E$19),"■","") | G10: =IF(AND(G$3<='Timeline tổng quan'!$F$19,G$3+6>='Timeline tổng quan'!$E$19),"■","") -> ■ | H10: =IF(AND(H$3<='Timeline tổng quan'!$F$19,H$3+6>='Timeline tổng quan'!$E$19),"■","") -> ■ | I10: =IF(AND(I$3<='Timeline tổng quan'!$F$19,I$3+6>='Timeline tổng quan'!$E$19),"■","") -> ■ | J10: =IF(AND(J$3<='Timeline tổng quan'!$F$19,J$3+6>='Timeline tổng quan'!$E$19),"■","") | K10: =IF(AND(K$3<='Timeline tổng quan'!$F$19,K$3+6>='Timeline tổng quan'!$E$19),"■","") | L10: =IF(AND(L$3<='Timeline tổng quan'!$F$19,L$3+6>='Timeline tổng quan'!$E$19),"■","") | ... T10: =IF(AND(T$3<='Timeline tổng quan'!$F$19,T$3+6>='Timeline tổng quan'!$E$19),"■","")
A11: ='Timeline tổng quan'!A20 -> 8 | B11: ='Timeline tổng quan'!B20 -> 0 | C11: ='Timeline tổng quan'!C20 -> Làm Proof of Concept / kiểm tra khả thi | D11: ='Timeline tổng quan'!H20 -> Hoàn thành | E11: =IF(AND(E$3<='Timeline tổng quan'!$F$20,E$3+6>='Timeline tổng quan'!$E$20),"■","") -> ■ | F11: =IF(AND(F$3<='Timeline tổng quan'!$F$20,F$3+6>='Timeline tổng quan'!$E$20),"■","") | G11: =IF(AND(G$3<='Timeline tổng quan'!$F$20,G$3+6>='Timeline tổng quan'!$E$20),"■","") | H11: =IF(AND(H$3<='Timeline tổng quan'!$F$20,H$3+6>='Timeline tổng quan'!$E$20),"■","") | I11: =IF(AND(I$3<='Timeline tổng quan'!$F$20,I$3+6>='Timeline tổng quan'!$E$20),"■","") | J11: =IF(AND(J$3<='Timeline tổng quan'!$F$20,J$3+6>='Timeline tổng quan'!$E$20),"■","") | K11: =IF(AND(K$3<='Timeline tổng quan'!$F$20,K$3+6>='Timeline tổng quan'!$E$20),"■","") | L11: =IF(AND(L$3<='Timeline tổng quan'!$F$20,L$3+6>='Timeline tổng quan'!$E$20),"■","") | ... T11: =IF(AND(T$3<='Timeline tổng quan'!$F$20,T$3+6>='Timeline tổng quan'!$E$20),"■","")
A12: ='Timeline tổng quan'!A21 -> 9 | B12: ='Timeline tổng quan'!B21 -> III. TRIỂN KHAI / THỰC NGHIỆM | C12: ='Timeline tổng quan'!C21 -> Xây dựng phiên bản tối thiểu hoạt động (MVP) | D12: ='Timeline tổng quan'!H21 -> Đang thực hiện | E12: =IF(AND(E$3<='Timeline tổng quan'!$F$21,E$3+6>='Timeline tổng quan'!$E$21),"■","") -> ■ | F12: =IF(AND(F$3<='Timeline tổng quan'!$F$21,F$3+6>='Timeline tổng quan'!$E$21),"■","") -> ■ | G12: =IF(AND(G$3<='Timeline tổng quan'!$F$21,G$3+6>='Timeline tổng quan'!$E$21),"■","") -> ■ | H12: =IF(AND(H$3<='Timeline tổng quan'!$F$21,H$3+6>='Timeline tổng quan'!$E$21),"■","") -> ■ | I12: =IF(AND(I$3<='Timeline tổng quan'!$F$21,I$3+6>='Timeline tổng quan'!$E$21),"■","") -> ■ | J12: =IF(AND(J$3<='Timeline tổng quan'!$F$21,J$3+6>='Timeline tổng quan'!$E$21),"■","") -> ■ | K12: =IF(AND(K$3<='Timeline tổng quan'!$F$21,K$3+6>='Timeline tổng quan'!$E$21),"■","") | L12: =IF(AND(L$3<='Timeline tổng quan'!$F$21,L$3+6>='Timeline tổng quan'!$E$21),"■","") | ... T12: =IF(AND(T$3<='Timeline tổng quan'!$F$21,T$3+6>='Timeline tổng quan'!$E$21),"■","")
A13: ='Timeline tổng quan'!A22 -> 10 | B13: ='Timeline tổng quan'!B22 -> 0 | C13: ='Timeline tổng quan'!C22 -> Hoàn thiện các thành phần chính | D13: ='Timeline tổng quan'!H22 -> Đang thực hiện | E13: =IF(AND(E$3<='Timeline tổng quan'!$F$22,E$3+6>='Timeline tổng quan'!$E$22),"■","") -> ■ | F13: =IF(AND(F$3<='Timeline tổng quan'!$F$22,F$3+6>='Timeline tổng quan'!$E$22),"■","") -> ■ | G13: =IF(AND(G$3<='Timeline tổng quan'!$F$22,G$3+6>='Timeline tổng quan'!$E$22),"■","") -> ■ | H13: =IF(AND(H$3<='Timeline tổng quan'!$F$22,H$3+6>='Timeline tổng quan'!$E$22),"■","") -> ■ | I13: =IF(AND(I$3<='Timeline tổng quan'!$F$22,I$3+6>='Timeline tổng quan'!$E$22),"■","") -> ■ | J13: =IF(AND(J$3<='Timeline tổng quan'!$F$22,J$3+6>='Timeline tổng quan'!$E$22),"■","") -> ■ | K13: =IF(AND(K$3<='Timeline tổng quan'!$F$22,K$3+6>='Timeline tổng quan'!$E$22),"■","") -> ■ | L13: =IF(AND(L$3<='Timeline tổng quan'!$F$22,L$3+6>='Timeline tổng quan'!$E$22),"■","") | ... T13: =IF(AND(T$3<='Timeline tổng quan'!$F$22,T$3+6>='Timeline tổng quan'!$E$22),"■","")
A14: ='Timeline tổng quan'!A23 -> 11 | B14: ='Timeline tổng quan'!B23 -> 0 | C14: ='Timeline tổng quan'!C23 -> Tích hợp các thành phần và luồng hoàn chỉnh | D14: ='Timeline tổng quan'!H23 -> Chưa bắt đầu | E14: =IF(AND(E$3<='Timeline tổng quan'!$F$23,E$3+6>='Timeline tổng quan'!$E$23),"■","") | F14: =IF(AND(F$3<='Timeline tổng quan'!$F$23,F$3+6>='Timeline tổng quan'!$E$23),"■","") | G14: =IF(AND(G$3<='Timeline tổng quan'!$F$23,G$3+6>='Timeline tổng quan'!$E$23),"■","") | H14: =IF(AND(H$3<='Timeline tổng quan'!$F$23,H$3+6>='Timeline tổng quan'!$E$23),"■","") | I14: =IF(AND(I$3<='Timeline tổng quan'!$F$23,I$3+6>='Timeline tổng quan'!$E$23),"■","") | J14: =IF(AND(J$3<='Timeline tổng quan'!$F$23,J$3+6>='Timeline tổng quan'!$E$23),"■","") | K14: =IF(AND(K$3<='Timeline tổng quan'!$F$23,K$3+6>='Timeline tổng quan'!$E$23),"■","") -> ■ | L14: =IF(AND(L$3<='Timeline tổng quan'!$F$23,L$3+6>='Timeline tổng quan'!$E$23),"■","") -> ■ | ... T14: =IF(AND(T$3<='Timeline tổng quan'!$F$23,T$3+6>='Timeline tổng quan'!$E$23),"■","")
A15: ='Timeline tổng quan'!A24 -> 12 | B15: ='Timeline tổng quan'!B24 -> 0 | C15: ='Timeline tổng quan'!C24 -> Debug, ổn định và chuẩn hóa phiên bản | D15: ='Timeline tổng quan'!H24 -> Chưa bắt đầu | E15: =IF(AND(E$3<='Timeline tổng quan'!$F$24,E$3+6>='Timeline tổng quan'!$E$24),"■","") | F15: =IF(AND(F$3<='Timeline tổng quan'!$F$24,F$3+6>='Timeline tổng quan'!$E$24),"■","") | G15: =IF(AND(G$3<='Timeline tổng quan'!$F$24,G$3+6>='Timeline tổng quan'!$E$24),"■","") | H15: =IF(AND(H$3<='Timeline tổng quan'!$F$24,H$3+6>='Timeline tổng quan'!$E$24),"■","") | I15: =IF(AND(I$3<='Timeline tổng quan'!$F$24,I$3+6>='Timeline tổng quan'!$E$24),"■","") | J15: =IF(AND(J$3<='Timeline tổng quan'!$F$24,J$3+6>='Timeline tổng quan'!$E$24),"■","") | K15: =IF(AND(K$3<='Timeline tổng quan'!$F$24,K$3+6>='Timeline tổng quan'!$E$24),"■","") | L15: =IF(AND(L$3<='Timeline tổng quan'!$F$24,L$3+6>='Timeline tổng quan'!$E$24),"■","") -> ■ | ... T15: =IF(AND(T$3<='Timeline tổng quan'!$F$24,T$3+6>='Timeline tổng quan'!$E$24),"■","")
A16: ='Timeline tổng quan'!A25 -> 13 | B16: ='Timeline tổng quan'!B25 -> 0 | C16: ='Timeline tổng quan'!C25 -> Duy trì nhật ký kỹ thuật và bằng chứng | D16: ='Timeline tổng quan'!H25 -> Đang thực hiện | E16: =IF(AND(E$3<='Timeline tổng quan'!$F$25,E$3+6>='Timeline tổng quan'!$E$25),"■","") -> ■ | F16: =IF(AND(F$3<='Timeline tổng quan'!$F$25,F$3+6>='Timeline tổng quan'!$E$25),"■","") -> ■ | G16: =IF(AND(G$3<='Timeline tổng quan'!$F$25,G$3+6>='Timeline tổng quan'!$E$25),"■","") -> ■ | H16: =IF(AND(H$3<='Timeline tổng quan'!$F$25,H$3+6>='Timeline tổng quan'!$E$25),"■","") -> ■ | I16: =IF(AND(I$3<='Timeline tổng quan'!$F$25,I$3+6>='Timeline tổng quan'!$E$25),"■","") -> ■ | J16: =IF(AND(J$3<='Timeline tổng quan'!$F$25,J$3+6>='Timeline tổng quan'!$E$25),"■","") -> ■ | K16: =IF(AND(K$3<='Timeline tổng quan'!$F$25,K$3+6>='Timeline tổng quan'!$E$25),"■","") -> ■ | L16: =IF(AND(L$3<='Timeline tổng quan'!$F$25,L$3+6>='Timeline tổng quan'!$E$25),"■","") -> ■ | ... T16: =IF(AND(T$3<='Timeline tổng quan'!$F$25,T$3+6>='Timeline tổng quan'!$E$25),"■","")
A17: ='Timeline tổng quan'!A26 -> 14 | B17: ='Timeline tổng quan'!B26 -> IV. KIỂM THỬ & ĐÁNH GIÁ | C17: ='Timeline tổng quan'!C26 -> Chạy các kịch bản kiểm thử chính thức | D17: ='Timeline tổng quan'!H26 -> Chưa bắt đầu | E17: =IF(AND(E$3<='Timeline tổng quan'!$F$26,E$3+6>='Timeline tổng quan'!$E$26),"■","") | F17: =IF(AND(F$3<='Timeline tổng quan'!$F$26,F$3+6>='Timeline tổng quan'!$E$26),"■","") | G17: =IF(AND(G$3<='Timeline tổng quan'!$F$26,G$3+6>='Timeline tổng quan'!$E$26),"■","") | H17: =IF(AND(H$3<='Timeline tổng quan'!$F$26,H$3+6>='Timeline tổng quan'!$E$26),"■","") | I17: =IF(AND(I$3<='Timeline tổng quan'!$F$26,I$3+6>='Timeline tổng quan'!$E$26),"■","") | J17: =IF(AND(J$3<='Timeline tổng quan'!$F$26,J$3+6>='Timeline tổng quan'!$E$26),"■","") | K17: =IF(AND(K$3<='Timeline tổng quan'!$F$26,K$3+6>='Timeline tổng quan'!$E$26),"■","") | L17: =IF(AND(L$3<='Timeline tổng quan'!$F$26,L$3+6>='Timeline tổng quan'!$E$26),"■","") | ... T17: =IF(AND(T$3<='Timeline tổng quan'!$F$26,T$3+6>='Timeline tổng quan'!$E$26),"■","")
A18: ='Timeline tổng quan'!A27 -> 15 | B18: ='Timeline tổng quan'!B27 -> 0 | C18: ='Timeline tổng quan'!C27 -> Thu thập và làm sạch dữ liệu / kết quả | D18: ='Timeline tổng quan'!H27 -> Chưa bắt đầu | E18: =IF(AND(E$3<='Timeline tổng quan'!$F$27,E$3+6>='Timeline tổng quan'!$E$27),"■","") | F18: =IF(AND(F$3<='Timeline tổng quan'!$F$27,F$3+6>='Timeline tổng quan'!$E$27),"■","") | G18: =IF(AND(G$3<='Timeline tổng quan'!$F$27,G$3+6>='Timeline tổng quan'!$E$27),"■","") | H18: =IF(AND(H$3<='Timeline tổng quan'!$F$27,H$3+6>='Timeline tổng quan'!$E$27),"■","") | I18: =IF(AND(I$3<='Timeline tổng quan'!$F$27,I$3+6>='Timeline tổng quan'!$E$27),"■","") | J18: =IF(AND(J$3<='Timeline tổng quan'!$F$27,J$3+6>='Timeline tổng quan'!$E$27),"■","") | K18: =IF(AND(K$3<='Timeline tổng quan'!$F$27,K$3+6>='Timeline tổng quan'!$E$27),"■","") | L18: =IF(AND(L$3<='Timeline tổng quan'!$F$27,L$3+6>='Timeline tổng quan'!$E$27),"■","") | ... T18: =IF(AND(T$3<='Timeline tổng quan'!$F$27,T$3+6>='Timeline tổng quan'!$E$27),"■","")
A19: ='Timeline tổng quan'!A28 -> 16 | B19: ='Timeline tổng quan'!B28 -> 0 | C19: ='Timeline tổng quan'!C28 -> Phân tích kết quả và tạo bảng/biểu đồ | D19: ='Timeline tổng quan'!H28 -> Chưa bắt đầu | E19: =IF(AND(E$3<='Timeline tổng quan'!$F$28,E$3+6>='Timeline tổng quan'!$E$28),"■","") | F19: =IF(AND(F$3<='Timeline tổng quan'!$F$28,F$3+6>='Timeline tổng quan'!$E$28),"■","") | G19: =IF(AND(G$3<='Timeline tổng quan'!$F$28,G$3+6>='Timeline tổng quan'!$E$28),"■","") | H19: =IF(AND(H$3<='Timeline tổng quan'!$F$28,H$3+6>='Timeline tổng quan'!$E$28),"■","") | I19: =IF(AND(I$3<='Timeline tổng quan'!$F$28,I$3+6>='Timeline tổng quan'!$E$28),"■","") | J19: =IF(AND(J$3<='Timeline tổng quan'!$F$28,J$3+6>='Timeline tổng quan'!$E$28),"■","") | K19: =IF(AND(K$3<='Timeline tổng quan'!$F$28,K$3+6>='Timeline tổng quan'!$E$28),"■","") | L19: =IF(AND(L$3<='Timeline tổng quan'!$F$28,L$3+6>='Timeline tổng quan'!$E$28),"■","") | ... T19: =IF(AND(T$3<='Timeline tổng quan'!$F$28,T$3+6>='Timeline tổng quan'!$E$28),"■","")
A20: ='Timeline tổng quan'!A29 -> 17 | B20: ='Timeline tổng quan'!B29 -> 0 | C20: ='Timeline tổng quan'!C29 -> Đối chiếu mục tiêu, hạn chế và độ tin cậy | D20: ='Timeline tổng quan'!H29 -> Chưa bắt đầu | E20: =IF(AND(E$3<='Timeline tổng quan'!$F$29,E$3+6>='Timeline tổng quan'!$E$29),"■","") | F20: =IF(AND(F$3<='Timeline tổng quan'!$F$29,F$3+6>='Timeline tổng quan'!$E$29),"■","") | G20: =IF(AND(G$3<='Timeline tổng quan'!$F$29,G$3+6>='Timeline tổng quan'!$E$29),"■","") | H20: =IF(AND(H$3<='Timeline tổng quan'!$F$29,H$3+6>='Timeline tổng quan'!$E$29),"■","") | I20: =IF(AND(I$3<='Timeline tổng quan'!$F$29,I$3+6>='Timeline tổng quan'!$E$29),"■","") | J20: =IF(AND(J$3<='Timeline tổng quan'!$F$29,J$3+6>='Timeline tổng quan'!$E$29),"■","") | K20: =IF(AND(K$3<='Timeline tổng quan'!$F$29,K$3+6>='Timeline tổng quan'!$E$29),"■","") | L20: =IF(AND(L$3<='Timeline tổng quan'!$F$29,L$3+6>='Timeline tổng quan'!$E$29),"■","") | ... T20: =IF(AND(T$3<='Timeline tổng quan'!$F$29,T$3+6>='Timeline tổng quan'!$E$29),"■","")
A21: ='Timeline tổng quan'!A30 -> 18 | B21: ='Timeline tổng quan'!B30 -> V. VIẾT & HOÀN THIỆN BÁO CÁO | C21: ='Timeline tổng quan'!C30 -> Lập outline và viết các phần nền tảng | D21: ='Timeline tổng quan'!H30 -> Chưa bắt đầu | E21: =IF(AND(E$3<='Timeline tổng quan'!$F$30,E$3+6>='Timeline tổng quan'!$E$30),"■","") | F21: =IF(AND(F$3<='Timeline tổng quan'!$F$30,F$3+6>='Timeline tổng quan'!$E$30),"■","") | G21: =IF(AND(G$3<='Timeline tổng quan'!$F$30,G$3+6>='Timeline tổng quan'!$E$30),"■","") | H21: =IF(AND(H$3<='Timeline tổng quan'!$F$30,H$3+6>='Timeline tổng quan'!$E$30),"■","") | I21: =IF(AND(I$3<='Timeline tổng quan'!$F$30,I$3+6>='Timeline tổng quan'!$E$30),"■","") | J21: =IF(AND(J$3<='Timeline tổng quan'!$F$30,J$3+6>='Timeline tổng quan'!$E$30),"■","") | K21: =IF(AND(K$3<='Timeline tổng quan'!$F$30,K$3+6>='Timeline tổng quan'!$E$30),"■","") | L21: =IF(AND(L$3<='Timeline tổng quan'!$F$30,L$3+6>='Timeline tổng quan'!$E$30),"■","") | ... T21: =IF(AND(T$3<='Timeline tổng quan'!$F$30,T$3+6>='Timeline tổng quan'!$E$30),"■","")
A22: ='Timeline tổng quan'!A31 -> 19 | B22: ='Timeline tổng quan'!B31 -> 0 | C22: ='Timeline tổng quan'!C31 -> Viết phần triển khai, kiểm thử và kết quả | D22: ='Timeline tổng quan'!H31 -> Chưa bắt đầu | E22: =IF(AND(E$3<='Timeline tổng quan'!$F$31,E$3+6>='Timeline tổng quan'!$E$31),"■","") | F22: =IF(AND(F$3<='Timeline tổng quan'!$F$31,F$3+6>='Timeline tổng quan'!$E$31),"■","") | G22: =IF(AND(G$3<='Timeline tổng quan'!$F$31,G$3+6>='Timeline tổng quan'!$E$31),"■","") | H22: =IF(AND(H$3<='Timeline tổng quan'!$F$31,H$3+6>='Timeline tổng quan'!$E$31),"■","") | I22: =IF(AND(I$3<='Timeline tổng quan'!$F$31,I$3+6>='Timeline tổng quan'!$E$31),"■","") | J22: =IF(AND(J$3<='Timeline tổng quan'!$F$31,J$3+6>='Timeline tổng quan'!$E$31),"■","") | K22: =IF(AND(K$3<='Timeline tổng quan'!$F$31,K$3+6>='Timeline tổng quan'!$E$31),"■","") | L22: =IF(AND(L$3<='Timeline tổng quan'!$F$31,L$3+6>='Timeline tổng quan'!$E$31),"■","") | ... T22: =IF(AND(T$3<='Timeline tổng quan'!$F$31,T$3+6>='Timeline tổng quan'!$E$31),"■","")
A23: ='Timeline tổng quan'!A32 -> 20 | B23: ='Timeline tổng quan'!B32 -> 0 | C23: ='Timeline tổng quan'!C32 -> Hoàn thành bản thảo đầy đủ | D23: ='Timeline tổng quan'!H32 -> Chưa bắt đầu | E23: =IF(AND(E$3<='Timeline tổng quan'!$F$32,E$3+6>='Timeline tổng quan'!$E$32),"■","") | F23: =IF(AND(F$3<='Timeline tổng quan'!$F$32,F$3+6>='Timeline tổng quan'!$E$32),"■","") | G23: =IF(AND(G$3<='Timeline tổng quan'!$F$32,G$3+6>='Timeline tổng quan'!$E$32),"■","") | H23: =IF(AND(H$3<='Timeline tổng quan'!$F$32,H$3+6>='Timeline tổng quan'!$E$32),"■","") | I23: =IF(AND(I$3<='Timeline tổng quan'!$F$32,I$3+6>='Timeline tổng quan'!$E$32),"■","") | J23: =IF(AND(J$3<='Timeline tổng quan'!$F$32,J$3+6>='Timeline tổng quan'!$E$32),"■","") | K23: =IF(AND(K$3<='Timeline tổng quan'!$F$32,K$3+6>='Timeline tổng quan'!$E$32),"■","") | L23: =IF(AND(L$3<='Timeline tổng quan'!$F$32,L$3+6>='Timeline tổng quan'!$E$32),"■","") | ... T23: =IF(AND(T$3<='Timeline tổng quan'!$F$32,T$3+6>='Timeline tổng quan'!$E$32),"■","")
A24: ='Timeline tổng quan'!A33 -> 21 | B24: ='Timeline tổng quan'!B33 -> 0 | C24: ='Timeline tổng quan'!C33 -> Review chéo / nhận góp ý và chỉnh sửa | D24: ='Timeline tổng quan'!H33 -> Chưa bắt đầu | E24: =IF(AND(E$3<='Timeline tổng quan'!$F$33,E$3+6>='Timeline tổng quan'!$E$33),"■","") | F24: =IF(AND(F$3<='Timeline tổng quan'!$F$33,F$3+6>='Timeline tổng quan'!$E$33),"■","") | G24: =IF(AND(G$3<='Timeline tổng quan'!$F$33,G$3+6>='Timeline tổng quan'!$E$33),"■","") | H24: =IF(AND(H$3<='Timeline tổng quan'!$F$33,H$3+6>='Timeline tổng quan'!$E$33),"■","") | I24: =IF(AND(I$3<='Timeline tổng quan'!$F$33,I$3+6>='Timeline tổng quan'!$E$33),"■","") | J24: =IF(AND(J$3<='Timeline tổng quan'!$F$33,J$3+6>='Timeline tổng quan'!$E$33),"■","") | K24: =IF(AND(K$3<='Timeline tổng quan'!$F$33,K$3+6>='Timeline tổng quan'!$E$33),"■","") | L24: =IF(AND(L$3<='Timeline tổng quan'!$F$33,L$3+6>='Timeline tổng quan'!$E$33),"■","") | ... T24: =IF(AND(T$3<='Timeline tổng quan'!$F$33,T$3+6>='Timeline tổng quan'!$E$33),"■","")
A25: ='Timeline tổng quan'!A34 -> 22 | B25: ='Timeline tổng quan'!B34 -> V. VIẾT & HOÀN THIỆN BÁO CÁO | C25: ='Timeline tổng quan'!C34 -> Chốt BÁO CÁO SẠCH trước ≥ 2 tuần | D25: ='Timeline tổng quan'!H34 -> Chưa bắt đầu | E25: =IF(AND(E$3<='Timeline tổng quan'!$F$34,E$3+6>='Timeline tổng quan'!$E$34),"■","") | F25: =IF(AND(F$3<='Timeline tổng quan'!$F$34,F$3+6>='Timeline tổng quan'!$E$34),"■","") | G25: =IF(AND(G$3<='Timeline tổng quan'!$F$34,G$3+6>='Timeline tổng quan'!$E$34),"■","") | H25: =IF(AND(H$3<='Timeline tổng quan'!$F$34,H$3+6>='Timeline tổng quan'!$E$34),"■","") | I25: =IF(AND(I$3<='Timeline tổng quan'!$F$34,I$3+6>='Timeline tổng quan'!$E$34),"■","") | J25: =IF(AND(J$3<='Timeline tổng quan'!$F$34,J$3+6>='Timeline tổng quan'!$E$34),"■","") | K25: =IF(AND(K$3<='Timeline tổng quan'!$F$34,K$3+6>='Timeline tổng quan'!$E$34),"■","") | L25: =IF(AND(L$3<='Timeline tổng quan'!$F$34,L$3+6>='Timeline tổng quan'!$E$34),"■","") | ... T25: =IF(AND(T$3<='Timeline tổng quan'!$F$34,T$3+6>='Timeline tổng quan'!$E$34),"■","")
A26: ='Timeline tổng quan'!A35 -> 23 | B26: ='Timeline tổng quan'!B35 -> VI. ĐÓNG GÓI, TRÌNH BÀY & DỰ PHÒNG | C26: ='Timeline tổng quan'!C35 -> Chuẩn bị slide / poster / demo | D26: ='Timeline tổng quan'!H35 -> Chưa bắt đầu | E26: =IF(AND(E$3<='Timeline tổng quan'!$F$35,E$3+6>='Timeline tổng quan'!$E$35),"■","") | F26: =IF(AND(F$3<='Timeline tổng quan'!$F$35,F$3+6>='Timeline tổng quan'!$E$35),"■","") | G26: =IF(AND(G$3<='Timeline tổng quan'!$F$35,G$3+6>='Timeline tổng quan'!$E$35),"■","") | H26: =IF(AND(H$3<='Timeline tổng quan'!$F$35,H$3+6>='Timeline tổng quan'!$E$35),"■","") | I26: =IF(AND(I$3<='Timeline tổng quan'!$F$35,I$3+6>='Timeline tổng quan'!$E$35),"■","") | J26: =IF(AND(J$3<='Timeline tổng quan'!$F$35,J$3+6>='Timeline tổng quan'!$E$35),"■","") | K26: =IF(AND(K$3<='Timeline tổng quan'!$F$35,K$3+6>='Timeline tổng quan'!$E$35),"■","") | L26: =IF(AND(L$3<='Timeline tổng quan'!$F$35,L$3+6>='Timeline tổng quan'!$E$35),"■","") | ... T26: =IF(AND(T$3<='Timeline tổng quan'!$F$35,T$3+6>='Timeline tổng quan'!$E$35),"■","")
A27: ='Timeline tổng quan'!A36 -> 24 | B27: ='Timeline tổng quan'!B36 -> 0 | C27: ='Timeline tổng quan'!C36 -> Đóng gói source code, dữ liệu và phụ lục | D27: ='Timeline tổng quan'!H36 -> Chưa bắt đầu | E27: =IF(AND(E$3<='Timeline tổng quan'!$F$36,E$3+6>='Timeline tổng quan'!$E$36),"■","") | F27: =IF(AND(F$3<='Timeline tổng quan'!$F$36,F$3+6>='Timeline tổng quan'!$E$36),"■","") | G27: =IF(AND(G$3<='Timeline tổng quan'!$F$36,G$3+6>='Timeline tổng quan'!$E$36),"■","") | H27: =IF(AND(H$3<='Timeline tổng quan'!$F$36,H$3+6>='Timeline tổng quan'!$E$36),"■","") | I27: =IF(AND(I$3<='Timeline tổng quan'!$F$36,I$3+6>='Timeline tổng quan'!$E$36),"■","") | J27: =IF(AND(J$3<='Timeline tổng quan'!$F$36,J$3+6>='Timeline tổng quan'!$E$36),"■","") | K27: =IF(AND(K$3<='Timeline tổng quan'!$F$36,K$3+6>='Timeline tổng quan'!$E$36),"■","") | L27: =IF(AND(L$3<='Timeline tổng quan'!$F$36,L$3+6>='Timeline tổng quan'!$E$36),"■","") | ... T27: =IF(AND(T$3<='Timeline tổng quan'!$F$36,T$3+6>='Timeline tổng quan'!$E$36),"■","")
A28: ='Timeline tổng quan'!A37 -> 25 | B28: ='Timeline tổng quan'!B37 -> 0 | C28: ='Timeline tổng quan'!C37 -> Tập thuyết trình và chuẩn bị câu hỏi phản biện | D28: ='Timeline tổng quan'!H37 -> Chưa bắt đầu | E28: =IF(AND(E$3<='Timeline tổng quan'!$F$37,E$3+6>='Timeline tổng quan'!$E$37),"■","") | F28: =IF(AND(F$3<='Timeline tổng quan'!$F$37,F$3+6>='Timeline tổng quan'!$E$37),"■","") | G28: =IF(AND(G$3<='Timeline tổng quan'!$F$37,G$3+6>='Timeline tổng quan'!$E$37),"■","") | H28: =IF(AND(H$3<='Timeline tổng quan'!$F$37,H$3+6>='Timeline tổng quan'!$E$37),"■","") | I28: =IF(AND(I$3<='Timeline tổng quan'!$F$37,I$3+6>='Timeline tổng quan'!$E$37),"■","") | J28: =IF(AND(J$3<='Timeline tổng quan'!$F$37,J$3+6>='Timeline tổng quan'!$E$37),"■","") | K28: =IF(AND(K$3<='Timeline tổng quan'!$F$37,K$3+6>='Timeline tổng quan'!$E$37),"■","") | L28: =IF(AND(L$3<='Timeline tổng quan'!$F$37,L$3+6>='Timeline tổng quan'!$E$37),"■","") | ... T28: =IF(AND(T$3<='Timeline tổng quan'!$F$37,T$3+6>='Timeline tổng quan'!$E$37),"■","")
A29: ='Timeline tổng quan'!A38 -> 26 | B29: ='Timeline tổng quan'!B38 -> 0 | C29: ='Timeline tổng quan'!C38 -> Kiểm tra cuối và giữ buffer xử lý sự cố | D29: ='Timeline tổng quan'!H38 -> Chưa bắt đầu | E29: =IF(AND(E$3<='Timeline tổng quan'!$F$38,E$3+6>='Timeline tổng quan'!$E$38),"■","") | F29: =IF(AND(F$3<='Timeline tổng quan'!$F$38,F$3+6>='Timeline tổng quan'!$E$38),"■","") | G29: =IF(AND(G$3<='Timeline tổng quan'!$F$38,G$3+6>='Timeline tổng quan'!$E$38),"■","") | H29: =IF(AND(H$3<='Timeline tổng quan'!$F$38,H$3+6>='Timeline tổng quan'!$E$38),"■","") | I29: =IF(AND(I$3<='Timeline tổng quan'!$F$38,I$3+6>='Timeline tổng quan'!$E$38),"■","") | J29: =IF(AND(J$3<='Timeline tổng quan'!$F$38,J$3+6>='Timeline tổng quan'!$E$38),"■","") | K29: =IF(AND(K$3<='Timeline tổng quan'!$F$38,K$3+6>='Timeline tổng quan'!$E$38),"■","") | L29: =IF(AND(L$3<='Timeline tổng quan'!$F$38,L$3+6>='Timeline tổng quan'!$E$38),"■","") | ... T29: =IF(AND(T$3<='Timeline tổng quan'!$F$38,T$3+6>='Timeline tổng quan'!$E$38),"■","")
A30: ='Timeline tổng quan'!A39 -> 27 | B30: ='Timeline tổng quan'!B39 -> VI. ĐÓNG GÓI, TRÌNH BÀY & DỰ PHÒNG | C30: ='Timeline tổng quan'!C39 -> Nộp / bảo vệ / trình bày theo deadline | D30: ='Timeline tổng quan'!H39 -> Chưa bắt đầu | E30: =IF(AND(E$3<='Timeline tổng quan'!$F$39,E$3+6>='Timeline tổng quan'!$E$39),"■","") | F30: =IF(AND(F$3<='Timeline tổng quan'!$F$39,F$3+6>='Timeline tổng quan'!$E$39),"■","") | G30: =IF(AND(G$3<='Timeline tổng quan'!$F$39,G$3+6>='Timeline tổng quan'!$E$39),"■","") | H30: =IF(AND(H$3<='Timeline tổng quan'!$F$39,H$3+6>='Timeline tổng quan'!$E$39),"■","") | I30: =IF(AND(I$3<='Timeline tổng quan'!$F$39,I$3+6>='Timeline tổng quan'!$E$39),"■","") | J30: =IF(AND(J$3<='Timeline tổng quan'!$F$39,J$3+6>='Timeline tổng quan'!$E$39),"■","") | K30: =IF(AND(K$3<='Timeline tổng quan'!$F$39,K$3+6>='Timeline tổng quan'!$E$39),"■","") | L30: =IF(AND(L$3<='Timeline tổng quan'!$F$39,L$3+6>='Timeline tổng quan'!$E$39),"■","") | ... T30: =IF(AND(T$3<='Timeline tổng quan'!$F$39,T$3+6>='Timeline tổng quan'!$E$39),"■","") -> ■
A33: Chú thích
A34: ■ | B34: Task đang hoạt động trong tuần
A35: Mốc báo cáo sạch | B35: 06/11/2026 | C35: Phải hoàn tất trước ít nhất 2 tuần
A36: Deadline | B36: 21/11/2026 | C36: Nộp / trình bày
