Workbook

Sheet Dashboard_TongQuan
A1: DASHBOARD TỔNG QUAN THEO DÕI TIẾN ĐỘ (HK1/2026-2027)
A2: Giảng viên hướng dẫn: ThS. Lê Viết Thanh | Khoa Công nghệ Thông tin - Trường Đại học Tôn Đức Thắng
A4: TỔNG SỐ NHÓM | B4: NHÓM DỰ ÁN CNTT | C4: NHÓM ĐỒ ÁN TN | D4: NHÓM KHÓA LUẬN | E4: TIẾN ĐỘ TRUNG BÌNH | F4: TỔNG TASK HOÀN TẤT
A5: =COUNTA(B8:B17) -> 10 | B5: =COUNTIF(D8:D17, "Dự án CNTT") + COUNTIF(D8:D17, "Dự án + Đồ án") + COUNTIF(D8:D17, "Dự án + Khóa luận") -> 5 | C5: =COUNTIF(D8:D17, "Đồ án tốt nghiệp") + COUNTIF(D8:D17, "Dự án + Đồ án") -> 4 | D5: =COUNTIF(D8:D17, "Khóa luận tốt nghiệp") + COUNTIF(D8:D17, "Dự án + Khóa luận") -> 2 | E5: =AVERAGE(H8:H17) -> 0.20740741 | F5: =SUM(I8:I17) -> 64
A7: STT | B7: Mã Sheet Nhóm | C7: Tên Đề Tài / Dự Án | D7: Loại Hình Đề Tài | E7: Thành Viên 1 | F7: Thành Viên 2 | G7: GV Hướng Dẫn | H7: % Tiến Độ | I7: Đã Xong | J7: Báo Cáo Sạch | K7: Deadline Nộp | L7: Trạng Thái | M7: 13/09/2026 | N7: 19/09/2026 | O7: 27/09/2026 | P7: 46122
A8: 1 | B8: Nhom_01 | C8: =Nhom_01!C5 -> SO SÁNH HIỆU NĂNG GIỮA WAN TRUYỀN THỐNG (MPLS) VÀ SD-WAN TRONG MẠNG DOANH NGHIỆP | D8: =Nhom_01!C4 -> Dự án CNTT | E8: =Nhom_01!C6 -> Huỳnh Văn Dũng - 52300190 | F8: =Nhom_01!G6 -> Trần Gia hưng | G8: =Nhom_01!G4 -> ThS. Lê Viết Thanh | H8: =Nhom_01!H13 -> 0.77777778 | I8: =Nhom_01!B13 -> 21 | J8: =Nhom_01!G8 -> 2026-11-20 | K8: =Nhom_01!C9 -> 2026-12-04 | L8: =Nhom_01!I13 -> ĐANG ĐÚNG HẠN | M8: x | N8: x | O8: x | P8: x
A9: 2 | B9: Nhom_02 | C9: =Nhom_02!C5 -> SO SÁNH MẠNG WAN TRUYỀN THỐNG VÀ MẠNG TÍCH HỢP SDN VÀ SD-WAN | D9: =Nhom_02!C4 -> Dự án CNTT | E9: =Nhom_02!C6 -> Đỗ Tuấn Khang - 52300207 | F9: =Nhom_02!G6 -> Nguyễn Minh Huy - 52300203 | G9: =Nhom_02!G4 -> ThS. Lê Viết Thanh | H9: =Nhom_02!H13 -> 0.18518519 | I9: =Nhom_02!B13 -> 5 | J9: =Nhom_02!G8 -> 2026-11-20 | K9: =Nhom_02!C9 -> 2026-12-04 | L9: =Nhom_02!I13 -> ĐANG THỰC HIỆN | M9: x | N9: x | O9: x | P9: x
A10: 3 | B10: Nhom_03 | C10: =Nhom_03!C5 -> QUẢN LÝ MẠNG DOANH NGHIỆP TRÊN NỀN TẢNG CLOUD SỬ DỤNG SDN | D10: =Nhom_03!C4 -> Dự án CNTT | E10: =Nhom_03!C6 -> Đỗ Tài Khải Nguyên - 52300230 | F10: =Nhom_03!G6 -> Nguyễn Văn An - 52300172 | G10: =Nhom_03!G4 -> ThS. Lê Viết Thanh | H10: =Nhom_03!H13 -> 0.2962963 | I10: =Nhom_03!B13 -> 8 | J10: =Nhom_03!G8 -> 2026-11-20 | K10: =Nhom_03!C9 -> 2026-12-04 | L10: =Nhom_03!I13 -> ĐANG THỰC HIỆN | M10: x | N10: x | O10: x
A11: 4 | B11: Nhom_04 | C11: =Nhom_04!C5 -> Xây dựng Campus Network sử dụng SDN và SD-WAN | D11: =Nhom_04!C4 -> Dự án CNTT | E11: =Nhom_04!C6 -> Trần Hữu Nhân-52300235 | F11: =Nhom_04!G6 -> Nguyễn Nhật Hào- 52300198 | G11: =Nhom_04!G4 -> ThS. Lê Viết Thanh | H11: =Nhom_04!H13 -> 0.2962963 | I11: =Nhom_04!B13 -> 8 | J11: =Nhom_04!G8 -> 2026-11-20 | K11: =Nhom_04!C9 -> 2026-12-04 | L11: =Nhom_04!I13 -> ĐANG THỰC HIỆN | M11: x | N11: x | O11: x | P11: x
A12: 5 | B12: Nhom_05 | C12: =Nhom_05!C5 -> Tự động hóa mạng doanh nghiệp dựa trên Intent cho LAN, VLAN và SD-WAN sử dụng trí tuệ nhân tạo | D12: =Nhom_05!C4 -> Đồ án tốt nghiệp | E12: =Nhom_05!C6 -> Nguyễn Đăng Khoa - 52300210 | F12: =Nhom_05!G6 -> [Họ tên SV 2 - MSSV] | G12: =Nhom_05!G4 -> ThS. Lê Viết Thanh | H12: =Nhom_05!H13 -> 0.11111111 | I12: =Nhom_05!B13 -> 3 | J12: =Nhom_05!G8 -> 2026-12-10 | K12: =Nhom_05!C9 -> 2026-12-27 | L12: =Nhom_05!I13 -> ĐANG THỰC HIỆN | M12: x | N12: x | O12: x | P12: x
A13: 6 | B13: Nhom_06 | C13: =Nhom_06!C5 -> [Nhóm 06 - Điền tên đề tài tại đây] | D13: =Nhom_06!C4 -> Đồ án tốt nghiệp | E13: =Nhom_06!C6 -> [Họ tên SV 1 - MSSV] | F13: =Nhom_06!G6 -> [Họ tên SV 2 - MSSV] | G13: =Nhom_06!G4 -> ThS. Lê Viết Thanh | H13: =Nhom_06!H13 -> 0 | I13: =Nhom_06!B13 -> 0 | J13: =Nhom_06!G8 -> 2026-12-10 | K13: =Nhom_06!C9 -> 2026-12-27 | L13: =Nhom_06!I13 -> ĐANG THỰC HIỆN
A14: 7 | B14: Nhom_07 | C14: =Nhom_07!C11 -> Tự động hóa cấu hình VLAN và SD-WAN theo mô hình Intent sử dụng AI, Python và SDN | D14: =Nhom_07!C4 -> Dự án + Đồ án | E14: =Nhom_07!C6 -> Võ Anh Khoa - 52300211 | F14: =Nhom_07!G6 -> Đặng Ngọc Kim Khánh - 52300208 | G14: =Nhom_07!G4 -> ThS. Lê Viết Thanh | H14: =Nhom_07!H18 -> 0.2962963 | I14: =Nhom_07!B18 -> 16 | J14: =Nhom_07!G8 -> 2026-11-20 | K14: =Nhom_07!C9 -> 2026-12-04 | L14: =Nhom_07!I18 -> ĐANG THỰC HIỆN | M14: x | N14: XP | O14: x
A15: 8 | B15: Nhom_08 | C15: =Nhom_08!C5 -> [Nhóm 08 - Điền tên đề tài tại đây] | D15: =Nhom_08!C4 -> Khóa luận tốt nghiệp | E15: =Nhom_08!C6 -> [Họ tên SV 1 - MSSV] | F15: =Nhom_08!G6 -> [Họ tên SV 2 - MSSV] | G15: =Nhom_08!G4 -> ThS. Lê Viết Thanh | H15: =Nhom_08!H13 -> 0 | I15: =Nhom_08!B13 -> 0 | J15: =Nhom_08!G8 -> 2027-01-05 | K15: =Nhom_08!C9 -> 2027-01-25 | L15: =Nhom_08!I13 -> ĐANG THỰC HIỆN
A16: 9 | B16: Nhom_09 | C16: =Nhom_09!C5 -> Mạng doanh nghiệp tự phục hồi sử dụng SD-WAN và cơ chế khôi phục sự cố thông minh | D16: =Nhom_09!C4 -> Khóa luận tốt nghiệp | E16: =Nhom_09!C6 -> Đặng Hoàng Phú - 52300237 | F16: =Nhom_09!G6 -> Tiêu Thế Bảo - 52300180 | G16: =Nhom_09!G4 -> ThS. Lê Viết Thanh | H16: =Nhom_09!H13 -> 0.11111111 | I16: =Nhom_09!B13 -> 3 | J16: =Nhom_09!G8 -> 2027-01-05 | K16: =Nhom_09!C9 -> 2027-01-25 | L16: =Nhom_09!I13 -> ĐANG THỰC HIỆN | M16: x | N16: x | O16: x
A17: 10 | B17: Nhom_10 | C17: =Nhom_10!C5 -> [Nhóm 10 - Điền tên đề tài tại đây] | D17: =Nhom_10!C4 -> Đồ án tốt nghiệp | E17: =Nhom_10!C6 -> [Họ tên SV 1 - MSSV] | F17: =Nhom_10!G6 -> [Họ tên SV 2 - MSSV] | G17: =Nhom_10!G4 -> ThS. Lê Viết Thanh | H17: =Nhom_10!H13 -> 0 | I17: =Nhom_10!B13 -> 0 | J17: =Nhom_10!G8 -> 2026-12-10 | K17: =Nhom_10!C9 -> 2026-12-27 | L17: =Nhom_10!I13 -> ĐANG THỰC HIỆN

Sheet Khung_KeHoach_Chuan
A1: BẢNG DỮ LIỆU CHUẨN KẾ HOẠCH DỰ ÁN - ĐỒ ÁN - KHÓA LUẬN (HK1/2026-2027)
A2: Khoa Công nghệ Thông tin - Trường Đại học Tôn Đức Thắng | GVHD: ThS. Lê Viết Thanh
A4: LOẠI HÌNH ĐỀ TÀI | B4: NGÀY BẮT ĐẦU | C4: BÁO CÁO GIỮA KỲ | D4: BÁO CÁO SẠCH | E4: DEADLINE NỘP CUỐI KỲ | F4: THỜI GIAN DỰ PHÒNG | G4: LỊCH BẢO VỆ / PHẢN BIỆN | H4: HÌNH THỨC ĐÁNH GIÁ
A5: Dự án CNTT | B5: 2026-08-24 | C5: 20/09/2026 – 04/10/2026 | D5: 2026-11-20 | E5: 2026-12-04 | F5: 21/11/2026 – 04/12/2026 | G5: 26/12/2026 – 31/12/2026 | H5: Báo cáo trực tiếp GVPB + Nhập Rubric
A6: Đồ án tốt nghiệp | B6: 2026-08-24 | C6: 20/09/2026 – 04/10/2026 | D6: 2026-12-10 | E6: 2026-12-27 | F6: 11/12/2026 – 27/12/2026 | G6: 13/01/2027 – 18/01/2027 | H6: Bảo vệ trước Hội đồng ĐATN Khoa CNTT
A7: Khóa luận tốt nghiệp | B7: 2026-08-06 | C7: 29/10/2026 – 12/11/2026 | D7: 2027-01-05 | E7: 2027-01-25 | F7: 06/01/2027 – 25/01/2027 | G7: 03/03/2027 – 06/03/2027 | H7: Bảo vệ trước Hội đồng KLTN cấp Trường/Khoa
A9: DANH MỤC 27 HẠNG MỤC CHI TIẾT THEO TỪNG LOẠI HÌNH
A10: Mã Tra Cứu (Key) | B10: Loại Hình | C10: STT | D10: Giai Đoạn | E10: Hạng Mục Công Việc | F10: Nội Dung Chi Tiết Thực Hiện | G10: Bắt Đầu | H10: Hạn Hoàn Thành | I10: Kết Quả Đầu Ra Gợi Ý | J10: Mốc Đặc Biệt
A11: Dự án CNTT_1 | B11: Dự án CNTT | C11: 1 | D11: I. ĐỊNH HƯỚNG & PHƯƠNG PHÁP LUẬN | E11: Xác định bài toán mạng & mục tiêu dự án SDN/SD-WAN | F11: Vấn đề mạng cần giải quyết (định tuyến, QoS, giám sát, bảo mật...); phạm vi topology thử nghiệm | G11: 2026-08-24 | H11: 2026-08-28 | I11: Tuyên bố bài toán + Phạm vi triển khai SDN/SD-WAN v1
A12: Dự án CNTT_2 | B12: Dự án CNTT | C12: 2 | D12: I. ĐỊNH HƯỚNG & PHƯƠNG PHÁP LUẬN | E12: Khảo sát kiến trúc SDN/SD-WAN & giải pháp liên quan | F12: Kiến trúc SDN (control/data plane, OpenFlow), nền tảng SD-WAN thương mại/mã nguồn mở | G12: 2026-08-24 | H12: 2026-09-02 | I12: Bảng khảo sát Related Work + So sánh giải pháp SDN/SD-WAN hiện có
A13: Dự án CNTT_3 | B13: Dự án CNTT | C13: 3 | D13: I. ĐỊNH HƯỚNG & PHƯƠNG PHÁP LUẬN | E13: Chọn SDN controller, công cụ mô phỏng & kiến trúc hệ thống | F13: Controller (ONOS/Ryu/OpenDaylight), công cụ mô phỏng (Mininet/Containerlab/GNS3), giao thức điều khiển | G13: 2026-08-28 | H13: 2026-09-05 | I13: Sơ đồ kiến trúc tổng thể mạng + Tech stack specification
A14: Dự án CNTT_4 | B14: Dự án CNTT | C14: 4 | D14: I. ĐỊNH HƯỚNG & PHƯƠNG PHÁP LUẬN | E14: Lập kế hoạch công việc, phân công & quản trị rủi ro | F14: WBS: dựng testbed, lập trình controller, kiểm thử định tuyến; Git repo & quy ước làm việc | G14: 2026-08-30 | H14: 2026-09-05 | I14: WBS Backlog + Git repo setup + Quy ước làm việc
A15: Dự án CNTT_5 | B15: Dự án CNTT | C15: 5 | D15: II. THIẾT KẾ & CHUẨN BỊ | E15: Thiết kế topology mạng thử nghiệm & luồng điều khiển | F15: Sơ đồ topology SDN/SD-WAN, luồng traffic, cơ chế trao đổi control plane - data plane | G15: 2026-09-06 | H15: 2026-09-12 | I15: Sơ đồ topology mạng + Thiết kế luồng điều khiển v1
A16: Dự án CNTT_6 | B16: Dự án CNTT | C16: 6 | D16: II. THIẾT KẾ & CHUẨN BỊ | E16: Chuẩn bị testbed, controller & công cụ giám sát mạng | F16: Cài đặt Mininet/Containerlab + controller, công cụ sinh traffic (iperf/hping3), giám sát (Wireshark) | G16: 2026-09-06 | H16: 2026-09-12 | I16: Testbed SDN/SD-WAN hoàn chỉnh + Công cụ giám sát
A17: Dự án CNTT_7 | B17: Dự án CNTT | C17: 7 | D17: II. THIẾT KẾ & CHUẨN BỊ | E17: Xây dựng kế hoạch kiểm thử & tiêu chí nghiệm thu | F17: Test plan, kịch bản định tuyến/failover, tiêu chí đánh giá (Latency, Throughput, Packet Loss) | G17: 2026-09-13 | H17: 2026-09-19 | I17: Test plan + Bộ tiêu chí đánh giá + Baseline metrics
A18: Dự án CNTT_8 | B18: Dự án CNTT | C18: 8 | D18: II. THIẾT KẾ & CHUẨN BỊ | E18: Làm Proof of Concept (PoC): điều khiển định tuyến cơ bản qua controller | F18: Cấu hình flow rules cơ bản, kiểm tra khả năng điều khiển luồng traffic qua controller | G18: 2026-09-13 | H18: 2026-09-19 | I18: Bản demo PoC điều khiển SDN chạy được + Báo cáo rủi ro kỹ thuật
A19: Dự án CNTT_9 | B19: Dự án CNTT | C19: 9 | D19: III. TRIỂN KHAI / THỰC NGHIỆM | E19: Xây dựng phiên bản MVP: hệ thống SDN/SD-WAN vận hành cơ bản | F19: Hoàn thành luồng điều khiển - định tuyến - giám sát cơ bản trên toàn bộ topology | G19: 2026-09-20 | H19: 2026-09-26 | I19: Bản MVP: hệ thống SDN/SD-WAN chạy thông luồng cơ bản
A20: Dự án CNTT_10 | B20: Dự án CNTT | C20: 10 | D20: III. TRIỂN KHAI / THỰC NGHIỆM | E20: NỘP BÁO CÁO TIẾN ĐỘ GIỮA KỲ (MỐC KHOA) | F20: Tổng hợp tiến độ thực hiện, nộp phiếu theo dõi có chữ ký GVHD | G20: 2026-09-20 | H20: 2026-10-04 | I20: Phiếu theo dõi có chữ ký GVHD + Báo cáo giữa kỳ ELIT | J20: GIỮA KỲ
A21: Dự án CNTT_11 | B21: Dự án CNTT | C21: 11 | D21: III. TRIỂN KHAI / THỰC NGHIỆM | E21: Phát triển hoàn thiện module định tuyến & chính sách điều khiển | F21: Lập trình logic định tuyến động, chính sách QoS/ưu tiên traffic, xử lý sự kiện mạng | G21: 2026-10-05 | H21: 2026-10-18 | I21: Module định tuyến & chính sách điều khiển hoàn chỉnh trên Git
A22: Dự án CNTT_12 | B22: Dự án CNTT | C22: 12 | D22: III. TRIỂN KHAI / THỰC NGHIỆM | E22: Tích hợp toàn bộ hệ thống & đồng bộ cấu hình mạng | F22: Kết nối controller-switch-orchestrator, đồng bộ cấu hình giữa các site SD-WAN | G22: 2026-10-19 | H22: 2026-10-25 | I22: Hệ thống tích hợp hoàn chỉnh (Full System Build)
A23: Dự án CNTT_13 | B23: Dự án CNTT | C23: 13 | D23: III. TRIỂN KHAI / THỰC NGHIỆM | E23: Duy trì Technical Log, Commit history & Bằng chứng | F23: Ghi log cấu hình controller, thay đổi flow rules, biên bản họp định kỳ với GVHD | G23: 2026-09-20 | H23: 2026-10-31 | I23: Thư mục Evidence + Git commit log chuẩn quy cách
A24: Dự án CNTT_14 | B24: Dự án CNTT | C24: 14 | D24: IV. KIỂM THỬ & ĐÁNH GIÁ | E24: Thực thi kiểm thử chức năng hệ thống SDN/SD-WAN | F24: Kiểm tra định tuyến, failover, chính sách QoS, khả năng phản hồi controller | G24: 2026-10-26 | H24: 2026-11-01 | I24: Bảng kết quả test chi tiết + Danh sách lỗi đã xử lý
A25: Dự án CNTT_15 | B25: Dự án CNTT | C25: 15 | D25: IV. KIỂM THỬ & ĐÁNH GIÁ | E25: Kiểm thử hiệu năng, độ trễ & khả năng mở rộng hệ thống | F25: Đo độ trễ xử lý (latency), thông lượng (throughput), khả năng chịu tải | G25: 2026-11-02 | H25: 2026-11-08 | I25: Báo cáo Performance & Scalability testing
A26: Dự án CNTT_16 | B26: Dự án CNTT | C26: 16 | D26: IV. KIỂM THỬ & ĐÁNH GIÁ | E26: Tổng hợp số liệu thực nghiệm & biểu đồ đánh giá hệ thống | F26: Độ trễ định tuyến, thông lượng, tỷ lệ mất gói, so sánh trước/sau khi áp dụng SDN | G26: 2026-11-09 | H26: 2026-11-15 | I26: Bộ biểu đồ kết quả + Bảng so sánh hiệu quả mạng truyền thống và SDN
A27: Dự án CNTT_17 | B27: Dự án CNTT | C27: 17 | D27: IV. KIỂM THỬ & ĐÁNH GIÁ | E27: Đánh giá đạt mục tiêu & ghi nhận hạn chế | F27: Đối chiếu mục tiêu ban đầu, chỉ ra hạn chế & đề xuất hướng cải tiến | G27: 2026-11-12 | H27: 2026-11-18 | I27: Bảng đối chiếu mục tiêu - kết quả đạt được
A28: Dự án CNTT_18 | B28: Dự án CNTT | C28: 18 | D28: V. VIẾT & HOÀN THIỆN BÁO CÁO | E28: Xây dựng dàn ý & viết chương mở đầu, cơ sở lý thuyết | F28: Tổng quan SDN/SD-WAN, cơ sở lý thuyết định tuyến/điều khiển mạng, phát biểu bài toán | G28: 2026-10-26 | H28: 2026-11-08 | I28: Bản thảo Chương 1, 2, 3 hoàn chỉnh
A29: Dự án CNTT_19 | B29: Dự án CNTT | C29: 19 | D29: V. VIẾT & HOÀN THIỆN BÁO CÁO | E29: Viết chương thiết kế hệ thống, triển khai & kết quả thực nghiệm | F29: Kiến trúc mạng, luồng điều khiển, kết quả thực nghiệm, biểu đồ minh họa | G29: 2026-11-09 | H29: 2026-11-18 | I29: Bản thảo Chương 4, 5 đầy đủ sơ đồ và số liệu
A30: Dự án CNTT_20 | B30: Dự án CNTT | C30: 20 | D30: V. VIẾT & HOÀN THIỆN BÁO CÁO | E30: Hoàn thiện bản thảo toàn văn (Draft 100%) | F30: Ghép nối toàn bộ nội dung, rà soát nhất quán thuật ngữ SDN/SD-WAN | G30: 2026-11-16 | H30: 2026-11-20 | I30: Bản thảo báo cáo toàn văn 100%
A31: Dự án CNTT_21 | B31: Dự án CNTT | C31: 21 | D31: V. VIẾT & HOÀN THIỆN BÁO CÁO | E31: Review chéo, xin ý kiến GVHD & chỉnh sửa hoàn thiện | F31: GVHD góp ý tính đúng đắn kỹ thuật mạng, chỉnh sửa văn phong | G31: 2026-11-18 | H31: 2026-11-20 | I31: Biên bản phản hồi góp ý + Bản sửa lần cuối
A32: Dự án CNTT_22 | B32: Dự án CNTT | C32: 22 | D32: V. VIẾT & HOÀN THIỆN BÁO CÁO | E32: CHỐT BÁO CÁO SẠCH (FINAL REPORT) | F32: Khóa nội dung, kiểm tra định dạng chuẩn TDTU, xuất PDF hoàn chỉnh | G32: 2026-11-20 | H32: 2026-11-20 | I32: BÁO CÁO SẠCH FINAL READY TO SUBMIT | J32: BÁO CÁO SẠCH
A33: Dự án CNTT_23 | B33: Dự án CNTT | C33: 23 | D33: VI. ĐÓNG GÓI, BÁO CÁO & ĐÁNH GIÁ RUBRIC | E33: NỘP BÁO CÁO CUỐI KỲ (TURNITIN + ELIT) | F33: Nộp file check đạo văn Turnitin + nộp hệ thống ELIT theo quy định Khoa | G33: 2026-11-24 | H33: 2026-12-04 | I33: Xác nhận nộp bài thành công trên ELIT & Turnitin | J33: NỘP CUỐI KỲ
A34: Dự án CNTT_24 | B34: Dự án CNTT | C34: 24 | D34: VI. ĐÓNG GÓI, BÁO CÁO & ĐÁNH GIÁ RUBRIC | E34: Đóng gói mã nguồn, Demo package, Slide thuyết trình | F34: Video demo hệ thống SDN/SD-WAN vận hành thực tế, source code sạch, slide | G34: 2026-12-05 | H34: 2026-12-15 | I34: Slide báo cáo + Source code package sạch
A35: Dự án CNTT_25 | B35: Dự án CNTT | C35: 25 | D35: VI. ĐÓNG GÓI, BÁO CÁO & ĐÁNH GIÁ RUBRIC | E35: GVHD xác nhận duyệt cho sinh viên ra phản biện | F35: ThS. Lê Viết Thanh xác nhận duyệt đủ điều kiện báo cáo với GVPB | G35: 2026-11-29 | H35: 2026-12-04 | I35: Xác nhận của GVHD trên hệ thống
A36: Dự án CNTT_26 | B36: Dự án CNTT | C36: 26 | D36: VI. ĐÓNG GÓI, BÁO CÁO & ĐÁNH GIÁ RUBRIC | E36: Tập dượt thuyết trình & Chuẩn bị câu hỏi phản biện | F36: Trả lời câu hỏi về lựa chọn kiến trúc SDN/SD-WAN, thuật toán định tuyến, kết quả thực nghiệm | G36: 2026-12-18 | H36: 2026-12-25 | I36: Bộ câu hỏi Q&A + Kịch bản demo trơn tru
A37: Dự án CNTT_27 | B37: Dự án CNTT | C37: 27 | D37: VI. ĐÓNG GÓI, BÁO CÁO & ĐÁNH GIÁ RUBRIC | E37: BÁO CÁO VỚI GVPB & NHẬP ĐIỂM RUBRIC | F37: Báo cáo trực tiếp với GVPB; GVPB và GVHD thống nhất điểm trên Rubric | G37: 2026-12-26 | H37: 2026-12-31 | I37: Hoàn thành bảo vệ & Điểm số Rubric chính thức | J37: BẢO VỆ / ĐÁNH GIÁ
A38: Đồ án tốt nghiệp_1 | B38: Đồ án tốt nghiệp | C38: 1 | D38: I. ĐỊNH HƯỚNG & PHƯƠNG PHÁP LUẬN | E38: Xác định đề tài nghiên cứu ứng dụng ML trong SDN/SD-WAN & phạm vi ĐATN | F38: Bài toán mạng cụ thể (định tuyến thông minh/phát hiện tấn công/tối ưu QoS bằng ML), mục tiêu & phạm vi | G38: 2026-08-24 | H38: 2026-08-31 | I38: Đề cương chi tiết ĐATN + Tuyên bố bài toán & phạm vi ứng dụng ML/SDN
A39: Đồ án tốt nghiệp_2 | B39: Đồ án tốt nghiệp | C39: 2 | D39: I. ĐỊNH HƯỚNG & PHƯƠNG PHÁP LUẬN | E39: Khảo sát tài liệu học thuật về SDN/SD-WAN & các mô hình ML liên quan | F39: Tổng hợp bài báo, giải pháp hiện có; phân tích ưu nhược điểm các phương pháp ML trong quản lý mạng | G39: 2026-08-24 | H39: 2026-09-05 | I39: Báo cáo tổng quan nghiên cứu (Literature Review v1)
A40: Đồ án tốt nghiệp_3 | B40: Đồ án tốt nghiệp | C40: 3 | D40: I. ĐỊNH HƯỚNG & PHƯƠNG PHÁP LUẬN | E40: Đề xuất kiến trúc giải pháp SDN/SD-WAN tích hợp ML | F40: Controller, mô hình ML đề xuất (thuật toán, kiến trúc mạng nơ-ron nếu có), luồng xử lý dữ liệu | G40: 2026-09-01 | H40: 2026-09-08 | I40: Sơ đồ kiến trúc giải pháp đề xuất + Lý giải lựa chọn
A41: Đồ án tốt nghiệp_4 | B41: Đồ án tốt nghiệp | C41: 4 | D41: I. ĐỊNH HƯỚNG & PHƯƠNG PHÁP LUẬN | E41: Lập kế hoạch WBS 18 tuần, phân công & quản trị rủi ro | F41: Phân rã công việc thu thập dữ liệu mạng, huấn luyện mô hình, tích hợp hệ thống; Git repo, Drive | G41: 2026-09-03 | H41: 2026-09-10 | I41: WBS Roadmap 18 tuần + Git repo + Quy chế làm việc
A42: Đồ án tốt nghiệp_5 | B42: Đồ án tốt nghiệp | C42: 5 | D42: II. THIẾT KẾ & CHUẨN BỊ | E42: Thiết kế kiến trúc hệ thống, thuật toán ML & cơ sở dữ liệu mạng | F42: Kiến trúc controller-ML engine, thuật toán xử lý, schema lưu trữ flow/traffic data | G42: 2026-09-08 | H42: 2026-09-19 | I42: Tài liệu đặc tả thiết kế chi tiết (System Architecture)
A43: Đồ án tốt nghiệp_6 | B43: Đồ án tốt nghiệp | C43: 6 | D43: II. THIẾT KẾ & CHUẨN BỊ | E43: Chuẩn bị hạ tầng thử nghiệm SDN/SD-WAN, dataset & công cụ | F43: Testbed (Mininet/Containerlab/GNS3), thu thập/tìm dataset traffic chuẩn, cài đặt công cụ ML | G43: 2026-09-11 | H43: 2026-09-19 | I43: Môi trường thực nghiệm chuẩn hóa + Bộ công cụ thử nghiệm
A44: Đồ án tốt nghiệp_7 | B44: Đồ án tốt nghiệp | C44: 7 | D44: II. THIẾT KẾ & CHUẨN BỊ | E44: Xây dựng kịch bản thực nghiệm & Baseline đánh giá | F44: Kịch bản mô phỏng lưu lượng/tấn công, đối tượng baseline so sánh, độ đo đánh giá | G44: 2026-09-15 | H44: 2026-09-22 | I44: Kịch bản thực nghiệm chi tiết + Danh mục Benchmark
A45: Đồ án tốt nghiệp_8 | B45: Đồ án tốt nghiệp | C45: 8 | D45: II. THIẾT KẾ & CHUẨN BỊ | E45: Thực hiện PoC kiểm chứng tính khả thi của giải pháp đề xuất | F45: Chạy thử giải pháp trên topology thu gọn để chứng minh khả năng triển khai thực tế | G45: 2026-09-16 | H45: 2026-09-24 | I45: Báo cáo thực nghiệm PoC + Đánh giá tính khả thi
A46: Đồ án tốt nghiệp_9 | B46: Đồ án tốt nghiệp | C46: 9 | D46: III. TRIỂN KHAI / THỰC NGHIỆM | E46: Xây dựng Prototype/MVP: hệ thống SDN/SD-WAN vận hành ổn định | F46: Hoàn thiện module trung tâm (controller + orchestrator), luồng dữ liệu thông suốt đầu-cuối | G46: 2026-09-20 | H46: 2026-09-30 | I46: Prototype/MVP hoạt động ổn định trên tập test
A47: Đồ án tốt nghiệp_10 | B47: Đồ án tốt nghiệp | C47: 10 | D47: III. TRIỂN KHAI / THỰC NGHIỆM | E47: NỘP BÁO CÁO TIẾN ĐỘ GIỮA KỲ (MỐC KHOA) | F47: Tổng hợp tiến độ, nộp phiếu theo dõi có chữ ký GVHD | G47: 2026-09-20 | H47: 2026-10-04 | I47: Phiếu theo dõi có chữ ký GVHD + Báo cáo giữa kỳ ELIT | J47: GIỮA KỲ
A48: Đồ án tốt nghiệp_11 | B48: Đồ án tốt nghiệp | C48: 11 | D48: III. TRIỂN KHAI / THỰC NGHIỆM | E48: Hoàn thiện toàn bộ module hệ thống & chính sách điều khiển | F48: Mở rộng tính năng, module giám sát mạng, chính sách tự động hóa cấu hình nếu có | G48: 2026-10-05 | H48: 2026-10-25 | I48: Hệ thống hoàn chỉnh tất cả các module
A49: Đồ án tốt nghiệp_12 | B49: Đồ án tốt nghiệp | C49: 12 | D49: III. TRIỂN KHAI / THỰC NGHIỆM | E49: Tích hợp toàn diện hệ thống, kiểm thử liên kết & tối ưu hóa | F49: Kết nối các thành phần, tối ưu thời gian xử lý, cải thiện độ ổn định hệ thống | G49: 2026-10-26 | H49: 2026-11-08 | I49: Bản Release ứng cử viên (Release Candidate)
A50: Đồ án tốt nghiệp_13 | B50: Đồ án tốt nghiệp | C50: 13 | D50: III. TRIỂN KHAI / THỰC NGHIỆM | E50: Lưu trữ nhật ký thực nghiệm, Logs, Raw Data & Evidence | F50: Log cấu hình controller, thay đổi chính sách định tuyến để đối chiếu kết quả | G50: 2026-09-20 | H50: 2026-11-15 | I50: Repository thực nghiệm + Thư mục Raw Data/Logs
A51: Đồ án tốt nghiệp_14 | B51: Đồ án tốt nghiệp | C51: 14 | D51: IV. KIỂM THỬ & ĐÁNH GIÁ | E51: Chạy thực nghiệm chính thức trên toàn bộ tập dữ liệu/topology | F51: Đo đạc chính thức theo kịch bản đã thiết lập; lặp lại nhiều lần đảm bảo khách quan | G51: 2026-11-09 | H51: 2026-11-20 | I51: Bảng dữ liệu kết quả thực nghiệm thô (Raw Results)
A52: Đồ án tốt nghiệp_15 | B52: Đồ án tốt nghiệp | C52: 15 | D52: IV. KIỂM THỬ & ĐÁNH GIÁ | E52: Xử lý, làm sạch & chuẩn hóa dữ liệu kết quả thực nghiệm | F52: Phân tích thống kê, loại trừ ngoại lai có giải trình, tính giá trị trung bình/độ lệch chuẩn | G52: 2026-11-16 | H52: 2026-11-25 | I52: Dataset kết quả đã được làm sạch và xử lý
A53: Đồ án tốt nghiệp_16 | B53: Đồ án tốt nghiệp | C53: 16 | D53: IV. KIỂM THỬ & ĐÁNH GIÁ | E53: Phân tích kết quả, so sánh Baseline & trực quan hóa | F53: Vẽ biểu đồ so sánh mô hình đề xuất với baseline, phân tích trường hợp thành công/thất bại | G53: 2026-11-21 | H53: 2026-11-30 | I53: Bộ biểu đồ chuyên nghiệp + Bảng phân tích chuyên sâu
A54: Đồ án tốt nghiệp_17 | B54: Đồ án tốt nghiệp | C54: 17 | D54: IV. KIỂM THỬ & ĐÁNH GIÁ | E54: Đối chiếu mục tiêu ban đầu, đóng góp & chỉ ra hạn chế | F54: Đánh giá mức độ hoàn thành so với cam kết ban đầu; nêu điểm mới và hạn chế | G54: 2026-11-26 | H54: 2026-12-05 | I54: Bảng tổng hợp đối chiếu Mục tiêu - Kết quả đạt được
A55: Đồ án tốt nghiệp_18 | B55: Đồ án tốt nghiệp | C55: 18 | D55: V. VIẾT & HOÀN THIỆN BÁO CÁO | E55: Xây dựng khung báo cáo & hoàn thành Chương 1, 2, 3 | F55: Mở đầu, Cơ sở lý thuyết SDN/SD-WAN, Thiết kế hệ thống theo chuẩn ĐATN TDTU | G55: 2026-11-01 | H55: 2026-11-20 | I55: Bản thảo Chương 1, 2, 3 chuẩn quy cách ĐATN TDTU
A56: Đồ án tốt nghiệp_19 | B56: Đồ án tốt nghiệp | C56: 19 | D56: V. VIẾT & HOÀN THIỆN BÁO CÁO | E56: Viết Chương Triển khai, Thực nghiệm & Đánh giá (Chương 4, 5) | F56: Môi trường thực nghiệm, kết quả triển khai/kiểm thử, thảo luận kết quả | G56: 2026-11-21 | H56: 2026-12-05 | I56: Bản thảo Chương 4, 5 chi tiết
A57: Đồ án tốt nghiệp_20 | B57: Đồ án tốt nghiệp | C57: 20 | D57: V. VIẾT & HOÀN THIỆN BÁO CÁO | E57: Viết Kết luận, Tóm tắt, Tài liệu tham khảo & Phụ lục | F57: Kết luận & Hướng phát triển, chuẩn hóa tài liệu tham khảo theo IEEE | G57: 2026-12-01 | H57: 2026-12-08 | I57: Bản thảo toàn văn 100% (Full Draft v1)
A58: Đồ án tốt nghiệp_21 | B58: Đồ án tốt nghiệp | C58: 21 | D58: V. VIẾT & HOÀN THIỆN BÁO CÁO | E58: Review chéo, xin ý kiến GVHD & hiệu chỉnh | F58: Gửi bản thảo cho GVHD phản biện; tiếp thu chỉnh sửa cấu trúc, thuật ngữ kỹ thuật | G58: 2026-12-06 | H58: 2026-12-10 | I58: Bản thảo đã được GVHD góp ý và chỉnh sửa
A59: Đồ án tốt nghiệp_22 | B59: Đồ án tốt nghiệp | C59: 22 | D59: V. VIẾT & HOÀN THIỆN BÁO CÁO | E59: CHỐT BÁO CÁO SẠCH ĐATN (FINAL REPORT) | F59: Hoàn tất 100% nội dung, chính tả, định dạng chuẩn TDTU, xuất PDF báo cáo sạch | G59: 2026-12-10 | H59: 2026-12-10 | I59: BÁO CÁO SẠCH HOÀN TẤT (Trước deadline 1 tuần) | J59: BÁO CÁO SẠCH
A60: Đồ án tốt nghiệp_23 | B60: Đồ án tốt nghiệp | C60: 23 | D60: VI. ĐÓNG GÓI, PHẢN BIỆN, BẢO VỆ & NỘP ELIT | E60: NỘP BÁO CÁO CUỐI KỲ (TURNITIN + ELIT) | F60: Nộp file lên Turnitin (kiểm tra đạo văn) và hệ thống ELIT theo thông báo Khoa | G60: 2026-12-17 | H60: 2026-12-27 | I60: Xác nhận nộp báo cáo cuối kỳ thành công trên ELIT | J60: NỘP CUỐI KỲ
A61: Đồ án tốt nghiệp_24 | B61: Đồ án tốt nghiệp | C61: 24 | D61: VI. ĐÓNG GÓI, PHẢN BIỆN, BẢO VỆ & NỘP ELIT | E61: GVHD duyệt xác nhận cho SV ra Hội đồng phản biện | F61: ThS. Lê Viết Thanh xác nhận đủ điều kiện ra Hội đồng trên hệ thống | G61: 2026-12-22 | H61: 2026-12-26 | I61: Xác nhận của GVHD đủ điều kiện phản biện
A62: Đồ án tốt nghiệp_25 | B62: Đồ án tốt nghiệp | C62: 25 | D62: VI. ĐÓNG GÓI, PHẢN BIỆN, BẢO VỆ & NỘP ELIT | E62: Gặp & Báo cáo với Giảng viên phản biện (GVPB) | F62: Trình bày kết quả triển khai giải pháp SDN/SD-WAN với GVPB; nhận phiếu đánh giá | G62: 2027-01-01 | H62: 2027-01-08 | I62: Phiếu chấm điểm phản biện của GVPB
A63: Đồ án tốt nghiệp_26 | B63: Đồ án tốt nghiệp | C63: 26 | D63: VI. ĐÓNG GÓI, PHẢN BIỆN, BẢO VỆ & NỘP ELIT | E63: TỔ CHỨC HỘI ĐỒNG BẢO VỆ ĐATN | F63: Thuyết trình trước Hội đồng đánh giá ĐATN của Khoa CNTT - ĐH Tôn Đức Thắng | G63: 2027-01-13 | H63: 2027-01-18 | I63: Biên bản chấm điểm của Hội đồng bảo vệ ĐATN
A64: Đồ án tốt nghiệp_27 | B64: Đồ án tốt nghiệp | C64: 27 | D64: VI. ĐÓNG GÓI, PHẢN BIỆN, BẢO VỆ & NỘP ELIT | E64: Chỉnh sửa theo góp ý Hội đồng & Nộp file ELIT | F64: Hiệu chỉnh báo cáo theo nhận xét của HĐ, nộp file hoàn thiện lên ELIT | G64: 2027-01-18 | H64: 2027-02-16 | I64: Điểm số ĐATN chính thức được công nhận | J64: BẢO VỆ / ĐÁNH GIÁ
A65: Khóa luận tốt nghiệp_1 | B65: Khóa luận tốt nghiệp | C65: 1 | D65: I. ĐỊNH HƯỚNG & PHƯƠNG PHÁP LUẬN | E65: Xác định vấn đề nghiên cứu khoa học trong SDN/SD-WAN ứng dụng ML | F65: Research gap, giả thuyết & câu hỏi nghiên cứu về tối ưu/bảo mật mạng bằng ML | G65: 2026-08-06 | H65: 2026-08-20 | I65: Research Proposal + Problem Formulation (SDN/SD-WAN + ML)
A66: Khóa luận tốt nghiệp_2 | B66: Khóa luận tốt nghiệp | C66: 2 | D66: I. ĐỊNH HƯỚNG & PHƯƠNG PHÁP LUẬN | E66: Khảo sát tài liệu học thuật chuyên sâu (State-of-the-Art Review) | F66: Bài báo ISI/Scopus về SDN/SD-WAN & ML; ma trận so sánh phương pháp hiện hành | G66: 2026-08-15 | H66: 2026-09-05 | I66: Comprehensive Literature Review + Related Works Matrix
A67: Khóa luận tốt nghiệp_3 | B67: Khóa luận tốt nghiệp | C67: 3 | D67: I. ĐỊNH HƯỚNG & PHƯƠNG PHÁP LUẬN | E67: Đề xuất mô hình/thuật toán ML cải tiến cho SDN/SD-WAN | F67: Cơ sở toán học, kiến trúc mô hình đề xuất (Deep Learning/Reinforcement Learning cho định tuyến/bảo mật) | G67: 2026-09-01 | H67: 2026-09-18 | I67: Theoretical Framework + Methodology Design Specification
A68: Khóa luận tốt nghiệp_4 | B68: Khóa luận tốt nghiệp | C68: 4 | D68: I. ĐỊNH HƯỚNG & PHƯƠNG PHÁP LUẬN | E68: Lập kế hoạch nghiên cứu 25 tuần, quản trị tài nguyên & rủi ro | F68: Lộ trình nghiên cứu, Git repo, Overleaf/LaTeX, quản lý tài liệu tham khảo | G68: 2026-09-05 | H68: 2026-09-20 | I68: Research Roadmap + LaTeX Workspace + Citation Library
A69: Khóa luận tốt nghiệp_5 | B69: Khóa luận tốt nghiệp | C69: 5 | D69: II. THIẾT KẾ & CHUẨN BỊ | E69: Mô hình hóa thuật toán & thiết kế kiến trúc giải pháp SDN/SD-WAN + ML | F69: Đặc tả toán học, sơ đồ khối thuật toán, pipeline xử lý dữ liệu, kiến trúc mô hình | G69: 2026-09-15 | H69: 2026-10-05 | I69: Detailed Algorithm Design + Mathematical Formulation
A70: Khóa luận tốt nghiệp_6 | B70: Khóa luận tốt nghiệp | C70: 6 | D70: II. THIẾT KẾ & CHUẨN BỊ | E70: Chuẩn bị Dataset chuẩn, hạ tầng GPU & pipeline tiền xử lý | F70: Dataset traffic/SDN chuẩn quốc tế (benchmark), tiền xử lý, trích chọn đặc trưng, chia train/val/test | G70: 2026-09-20 | H70: 2026-10-10 | I70: Benchmark Dataset đã tiền xử lý + Pipeline mã nguồn
A71: Khóa luận tốt nghiệp_7 | B71: Khóa luận tốt nghiệp | C71: 7 | D71: II. THIẾT KẾ & CHUẨN BỊ | E71: Thiết lập kịch bản thực nghiệm, độ đo khoa học & Baselines | F71: Mô hình baseline State-of-the-Art, metric chuẩn (Precision, Recall, F1, ROC-AUC, Delay) | G71: 2026-10-01 | H71: 2026-10-15 | I71: Experimental Setup Document + Benchmark Protocol
A72: Khóa luận tốt nghiệp_8 | B72: Khóa luận tốt nghiệp | C72: 8 | D72: II. THIẾT KẾ & CHUẨN BỊ | E72: Thực hiện PoC & xác minh giả thuyết ban đầu | F72: Chạy thử giải thuật đề xuất trên tập mẫu để xác minh tính đúng đắn của giả thuyết | G72: 2026-10-05 | H72: 2026-10-20 | I72: Báo cáo PoC + Kết quả kiểm chứng giả thuyết ban đầu
A73: Khóa luận tốt nghiệp_9 | B73: Khóa luận tốt nghiệp | C73: 9 | D73: III. TRIỂN KHAI / THỰC NGHIỆM | E73: Triển khai cài đặt mô hình/thuật toán ML đề xuất cho SDN/SD-WAN | F73: Lập trình cài đặt hoàn chỉnh thuật toán đề xuất; tinh chỉnh hyperparameter tuning | G73: 2026-10-15 | H73: 2026-11-05 | I73: Source code hoàn chỉnh của mô hình đề xuất
A74: Khóa luận tốt nghiệp_10 | B74: Khóa luận tốt nghiệp | C74: 10 | D74: III. TRIỂN KHAI / THỰC NGHIỆM | E74: BÁO CÁO TIẾN ĐỘ THỰC HIỆN KLTN GIỮA KỲ (MỐC KHOA) | F74: Nộp phiếu theo dõi có nhận xét & chữ ký GVHD sau 6 tuần | G74: 2026-10-29 | H74: 2026-11-12 | I74: Phiếu theo dõi có chữ ký GVHD + Báo cáo giữa kỳ ELIT | J74: GIỮA KỲ
A75: Khóa luận tốt nghiệp_11 | B75: Khóa luận tốt nghiệp | C75: 11 | D75: III. TRIỂN KHAI / THỰC NGHIỆM | E75: Cài đặt & chạy lại các mô hình đối chứng (Baseline Models) | F75: Triển khai lại giải pháp của các tác giả trước trên cùng điều kiện/dataset để đảm bảo công bằng | G75: 2026-11-05 | H75: 2026-11-25 | I75: Bộ mã nguồn và kết quả của các mô hình Baseline
A76: Khóa luận tốt nghiệp_12 | B76: Khóa luận tốt nghiệp | C76: 12 | D76: III. TRIỂN KHAI / THỰC NGHIỆM | E76: Chạy thực nghiệm diện rộng, Cross-validation & Stress-test | F76: Lặp lại k-fold cross-validation, kiểm tra độ ổn định và tài nguyên tiêu thụ của mô hình | G76: 2026-11-20 | H76: 2026-12-10 | I76: Dữ liệu thực nghiệm đầy đủ (Comprehensive Result Set)
A77: Khóa luận tốt nghiệp_13 | B77: Khóa luận tốt nghiệp | C77: 13 | D77: III. TRIỂN KHAI / THỰC NGHIỆM | E77: Duy trì Research Logbook, Git commit & Raw Experimental Data | F77: Lữu logs huấn luyện, checkpoints, raw outputs đảm bảo tính tái lập (Reproducibility) | G77: 2026-08-06 | H77: 2026-12-20 | I77: Research Logbook + Evidence Folder + Model Checkpoints
A78: Khóa luận tốt nghiệp_14 | B78: Khóa luận tốt nghiệp | C78: 14 | D78: IV. KIỂM THỬ & ĐÁNH GIÁ | E78: Tổng hợp số liệu thực nghiệm & phân tích thống kê | F78: Kiểm định ý nghĩa thống kê (t-test/ANOVA/Wilcoxon) để chứng minh tính vượt trội | G78: 2026-12-01 | H78: 2026-12-15 | I78: Bảng thống kê định lượng & Kết quả kiểm định thống kê
A79: Khóa luận tốt nghiệp_15 | B79: Khóa luận tốt nghiệp | C79: 15 | D79: IV. KIỂM THỬ & ĐÁNH GIÁ | E79: Ablation Study (Phân tích đóng góp của từng thành phần) | F79: Thực nghiệm loại trừ từng thành phần mô hình để chứng minh giá trị đóng góp | G79: 2026-12-10 | H79: 2026-12-20 | I79: Báo cáo phân tích Ablation Study chuyên sâu
A80: Khóa luận tốt nghiệp_16 | B80: Khóa luận tốt nghiệp | C80: 16 | D80: IV. KIỂM THỬ & ĐÁNH GIÁ | E80: Trực quan hóa kết quả nghiên cứu & so sánh State-of-the-Art | F80: Biểu đồ chuẩn xuất bản khoa học (Confusion Matrix, Loss curves, Trade-off analysis) | G80: 2026-12-15 | H80: 2026-12-28 | I80: Bộ hình vẽ & biểu đồ đạt chuẩn xuất bản quốc tế
A81: Khóa luận tốt nghiệp_17 | B81: Khóa luận tốt nghiệp | C81: 17 | D81: IV. KIỂM THỬ & ĐÁNH GIÁ | E81: Thảo luận kết quả (Discussion), đóng góp mới & hạn chế | F81: Lý giải tại sao mô hình đạt hiệu quả cao, phân tích case lỗi (error analysis), giới hạn nghiên cứu | G81: 2026-12-20 | H81: 2027-01-05 | I81: Chương Thảo luận & Phân tích đóng góp học thuật
A82: Khóa luận tốt nghiệp_18 | B82: Khóa luận tốt nghiệp | C82: 18 | D82: V. VIẾT & HOÀN THIỆN BÁO CÁO | E82: Soạn thảo Chương 1, 2, 3 (Introduction, Background) | F82: Introduction, Literature Review, Methodology theo chuẩn cấu trúc Khóa luận tốt nghiệp | G82: 2026-11-15 | H82: 2026-12-15 | I82: Bản thảo Chương 1, 2, 3 hoàn chỉnh
A83: Khóa luận tốt nghiệp_19 | B83: Khóa luận tốt nghiệp | C83: 19 | D83: V. VIẾT & HOÀN THIỆN BÁO CÁO | E83: Soạn thảo Chương Thực nghiệm, Kết quả & Thảo luận (Chương 4, 5) | F83: Thiết lập thực nghiệm, phân tích kết quả, so sánh baseline và ablation study | G83: 2026-12-15 | H83: 2027-01-02 | I83: Bản thảo Chương 4, 5 đạt chuẩn học thuật cao
A84: Khóa luận tốt nghiệp_20 | B84: Khóa luận tốt nghiệp | C84: 20 | D84: V. VIẾT & HOÀN THIỆN BÁO CÁO | E84: Hoàn thành toàn văn Khóa luận (100% Full Manuscript) | F84: Conclusion, Future Works, Abstract song ngữ Anh-Việt, kiểm tra danh mục trích dẫn | G84: 2027-01-01 | H84: 2027-01-05 | I84: Bản thảo toàn văn KLTN 100% (Full Manuscript)
A85: Khóa luận tốt nghiệp_21 | B85: Khóa luận tốt nghiệp | C85: 21 | D85: V. VIẾT & HOÀN THIỆN BÁO CÁO | E85: GVHD phản biện học thuật & kiểm tra trùng lặp Turnitin | F85: ThS. Lê Viết Thanh duyệt góp ý chuyên sâu; kiểm tra tỷ lệ tương đồng học thuật | G85: 2027-01-03 | H85: 2027-01-05 | I85: Báo cáo Turnitin đạt chuẩn + Bản chỉnh sửa hoàn thiện
A86: Khóa luận tốt nghiệp_22 | B86: Khóa luận tốt nghiệp | C86: 22 | D86: V. VIẾT & HOÀN THIỆN BÁO CÁO | E86: CHỐT BÁO CÁO SẠCH KHÓA LUẬN (FINAL CLEAN REPORT) | F86: Khóa nội dung toàn văn, định dạng chuẩn form KLTN TDTU, sẵn sàng in ấn | G86: 2027-01-05 | H86: 2027-01-05 | I86: BÁO CÁO SẠCH FINAL - SẴN SÀNG NỘP | J86: BÁO CÁO SẠCH
A87: Khóa luận tốt nghiệp_23 | B87: Khóa luận tốt nghiệp | C87: 23 | D87: VI. NỘP CUỐI KỲ, PHẢN BIỆN & BẢO VỆ KLTN | E87: NỘP BÁO CÁO CUỐI KỲ (TURNITIN + ELIT + IN 3 CUỐN) | F87: Nộp file (Turnitin, KLTN, ELIT) + Nộp 03 cuốn bìa thường kèm đĩa CD tại Khoa | G87: 2027-01-15 | H87: 2027-01-25 | I87: Xác nhận nộp bài file mềm + Biên nhận nộp 03 cuốn | J87: NỘP CUỐI KỲ
A88: Khóa luận tốt nghiệp_24 | B88: Khóa luận tốt nghiệp | C88: 24 | D88: VI. NỘP CUỐI KỲ, PHẢN BIỆN & BẢO VỆ KLTN | E88: GVHD xác nhận duyệt sinh viên ra Hội đồng phản biện | F88: ThS. Lê Viết Thanh ký duyệt cho sinh viên ra Hội đồng phản biện | G88: 2027-01-20 | H88: 2027-01-24 | I88: Phiếu xác nhận của GVHD đủ điều kiện bảo vệ
A89: Khóa luận tốt nghiệp_25 | B89: Khóa luận tốt nghiệp | C89: 25 | D89: VI. NỘP CUỐI KỲ, PHẢN BIỆN & BẢO VỆ KLTN | E89: Gặp & Báo cáo với Giảng viên phản biện (GVPB) | F89: Trình bày kết quả nghiên cứu mô hình ML trong SDN/SD-WAN với GVPB; nhận phiếu chấm điểm | G89: 2027-02-19 | H89: 2027-02-24 | I89: Phiếu chấm điểm phản biện của GVPB
A90: Khóa luận tốt nghiệp_26 | B90: Khóa luận tốt nghiệp | C90: 26 | D90: VI. NỘP CUỐI KỲ, PHẢN BIỆN & BẢO VỆ KLTN | E90: TỔ CHỨC HỘI ĐỔNG BẢO VỆ KHÓA LUẬN TỐT NGHIỆP | F90: Bảo vệ chính thức trước Hội đồng chấm Khóa luận tốt nghiệp Trường ĐH Tôn Đức Thắng | G90: 2027-03-03 | H90: 2027-03-06 | I90: Biên bản chấm điểm & Đánh giá của Hội đồng
A91: Khóa luận tốt nghiệp_27 | B91: Khóa luận tốt nghiệp | C91: 27 | D91: VI. NỘP CUỐI KỲ, PHẢN BIỆN & BẢO VỆ KLTN | E91: Điều chỉnh báo cáo & Nộp cuốn KLTN mạ vàng chính thức | F91: Hoàn thiện chỉnh sửa theo biên bản Hội đồng, đóng bìa mạ vàng và nộp chính thức về VP Khoa | G91: 2027-03-07 | H91: 2027-04-06 | I91: Biên nhận nộp cuốn KLTN mạ vàng chính thức | J91: BẢO VỆ / ĐÁNH GIÁ

Sheet Nhom_01
A1: BẢNG THEO DÕI TIẾN ĐỘ THỰC HIỆN ĐỀ TÀI - NHÓM 01
A2: Khoa Công nghệ Thông tin - Trường ĐH Tôn Đức Thắng | Học kỳ 1 / Năm học 2026 - 2027
A4: Loại hình đề tài (*): | C4: Dự án CNTT | F4: GV Hướng dẫn: | G4: ThS. Lê Viết Thanh | L4: =IF(OR($C$4="Dự án + Đồ án",$C$4="Dự án + Khóa luận"),"Dự án CNTT",$C$4) -> Dự án CNTT
A5: Tên đề tài / dự án: | C5: SO SÁNH HIỆU NĂNG GIỮA WAN TRUYỀN THỐNG (MPLS) VÀ SD-WAN TRONG MẠNG DOANH NGHIỆP
A6: Sinh viên 1 (Trưởng nhóm): | C6: Huỳnh Văn Dũng - 52300190 | F6: Sinh viên 2: | G6: Trần Gia hưng
A7: Email / SĐT SV 1: | C7: 52300190@student.tdtu.edu.vn | F7: Email / SĐT SV 2: | G7: 52300200@student.tdtu.edu.vn
A8: Ngày bắt đầu: | C8: =VLOOKUP($L$4, Khung_KeHoach_Chuan!$A$5:$H$7, 2, FALSE) -> 2026-08-24 | F8: Báo cáo sạch hoàn tất: | G8: =VLOOKUP($L$4, Khung_KeHoach_Chuan!$A$5:$H$7, 4, FALSE) -> 2026-11-20
A9: Deadline chính thức: | C9: =VLOOKUP($L$4, Khung_KeHoach_Chuan!$A$5:$H$7, 5, FALSE) -> 2026-12-04 | F9: Lịch Phản biện / Bảo vệ: | G9: =VLOOKUP($L$4, Khung_KeHoach_Chuan!$A$5:$H$7, 7, FALSE) -> 26/12/2026 – 31/12/2026
A10: Loại hình thứ 2 (nếu có):
A11: TỔNG QUAN TIẾN ĐỘ THỰC HIỆN CỦA NHÓM
A12: Tổng Hạng Mục | B12: Hoàn Thành | C12: Đang Làm | D12: Chưa Bắt Đầu | F12: Tạm Hoãn | G12: Báo Cáo Sạch | H12: Tỷ Lệ Hoàn Thành | I12: Trạng Thái Chung
A13: =COUNTA(C16:C42) + IF($C$10<>"", COUNTA(C45:C71), 0) -> 27 | B13: =COUNTIF(I16:I42, "Hoàn thành") + IF($C$10<>"", COUNTIF(I45:I71, "Hoàn thành"), 0) -> 21 | C13: =COUNTIF(I16:I42, "Đang thực hiện") + IF($C$10<>"", COUNTIF(I45:I71, "Đang thực hiện"), 0) -> 0 | D13: =COUNTIF(I16:I42, "Chưa bắt đầu") + IF($C$10<>"", COUNTIF(I45:I71, "Chưa bắt đầu"), 0) -> 6 | F13: =COUNTIF(I16:I42, "Tạm hoãn - Bị chặn") + IF($C$10<>"", COUNTIF(I45:I71, "Tạm hoãn - Bị chặn"), 0) -> 0 | G13: =G8 -> 2026-11-20 | H13: =B13/A13 -> 0.77777778 | I13: =IF(H13=1, "ĐÃ HOÀN TẤT", IF(H13>=0.5, "ĐANG ĐÚNG HẠN", IF(F13>0, "CẦN HỖ TRỢ", "ĐANG THỰC HIỆN"))) -> ĐANG ĐÚNG HẠN
A15: STT | B15: Giai Đoạn | C15: Hạng Mục Công Việc | D15: Nội Dung Cần Thực Hiện / Gợi Ý | E15: Nội Dung Nhóm Tự Điền | F15: Bắt Đầu | G15: Hạn Hoàn Thành | H15: Kết Quả Đầu Ra Gợi Ý | I15: Trạng Thái (*) | J15: Người Phụ Trách / Ghi Chú & Link
A16: 1 | B16: =VLOOKUP($L$4&"_"&$A16, Khung_KeHoach_Chuan!$A$11:$J$91, 4, FALSE) -> I. ĐỊNH HƯỚNG & PHƯƠNG PHÁP LUẬN | C16: =VLOOKUP($L$4&"_"&$A16, Khung_KeHoach_Chuan!$A$11:$J$91, 5, FALSE) -> Xác định bài toán mạng & mục tiêu dự án SDN/SD-WAN | D16: =VLOOKUP($L$4&"_"&$A16, Khung_KeHoach_Chuan!$A$11:$J$91, 6, FALSE) -> Vấn đề mạng cần giải quyết (định tuyến, QoS, giám sát, bảo mật...); phạm vi topology thử nghiệm | F16: =VLOOKUP($L$4&"_"&$A16, Khung_KeHoach_Chuan!$A$11:$J$91, 7, FALSE) -> 2026-08-24 | G16: =VLOOKUP($L$4&"_"&$A16, Khung_KeHoach_Chuan!$A$11:$J$91, 8, FALSE) -> 2026-08-28 | H16: =VLOOKUP($L$4&"_"&$A16, Khung_KeHoach_Chuan!$A$11:$J$91, 9, FALSE) -> Tuyên bố bài toán + Phạm vi triển khai SDN/SD-WAN v1 | I16: Hoàn thành
A17: 2 | B17: =VLOOKUP($L$4&"_"&$A17, Khung_KeHoach_Chuan!$A$11:$J$91, 4, FALSE) -> I. ĐỊNH HƯỚNG & PHƯƠNG PHÁP LUẬN | C17: =VLOOKUP($L$4&"_"&$A17, Khung_KeHoach_Chuan!$A$11:$J$91, 5, FALSE) -> Khảo sát kiến trúc SDN/SD-WAN & giải pháp liên quan | D17: =VLOOKUP($L$4&"_"&$A17, Khung_KeHoach_Chuan!$A$11:$J$91, 6, FALSE) -> Kiến trúc SDN (control/data plane, OpenFlow), nền tảng SD-WAN thương mại/mã nguồn mở | F17: =VLOOKUP($L$4&"_"&$A17, Khung_KeHoach_Chuan!$A$11:$J$91, 7, FALSE) -> 2026-08-24 | G17: =VLOOKUP($L$4&"_"&$A17, Khung_KeHoach_Chuan!$A$11:$J$91, 8, FALSE) -> 2026-09-02 | H17: =VLOOKUP($L$4&"_"&$A17, Khung_KeHoach_Chuan!$A$11:$J$91, 9, FALSE) -> Bảng khảo sát Related Work + So sánh giải pháp SDN/SD-WAN hiện có | I17: Hoàn thành
A18: 3 | B18: =VLOOKUP($L$4&"_"&$A18, Khung_KeHoach_Chuan!$A$11:$J$91, 4, FALSE) -> I. ĐỊNH HƯỚNG & PHƯƠNG PHÁP LUẬN | C18: =VLOOKUP($L$4&"_"&$A18, Khung_KeHoach_Chuan!$A$11:$J$91, 5, FALSE) -> Chọn SDN controller, công cụ mô phỏng & kiến trúc hệ thống | D18: =VLOOKUP($L$4&"_"&$A18, Khung_KeHoach_Chuan!$A$11:$J$91, 6, FALSE) -> Controller (ONOS/Ryu/OpenDaylight), công cụ mô phỏng (Mininet/Containerlab/GNS3), giao thức điều khiển | F18: =VLOOKUP($L$4&"_"&$A18, Khung_KeHoach_Chuan!$A$11:$J$91, 7, FALSE) -> 2026-08-28 | G18: =VLOOKUP($L$4&"_"&$A18, Khung_KeHoach_Chuan!$A$11:$J$91, 8, FALSE) -> 2026-09-05 | H18: =VLOOKUP($L$4&"_"&$A18, Khung_KeHoach_Chuan!$A$11:$J$91, 9, FALSE) -> Sơ đồ kiến trúc tổng thể mạng + Tech stack specification | I18: Hoàn thành
A19: 4 | B19: =VLOOKUP($L$4&"_"&$A19, Khung_KeHoach_Chuan!$A$11:$J$91, 4, FALSE) -> I. ĐỊNH HƯỚNG & PHƯƠNG PHÁP LUẬN | C19: =VLOOKUP($L$4&"_"&$A19, Khung_KeHoach_Chuan!$A$11:$J$91, 5, FALSE) -> Lập kế hoạch công việc, phân công & quản trị rủi ro | D19: =VLOOKUP($L$4&"_"&$A19, Khung_KeHoach_Chuan!$A$11:$J$91, 6, FALSE) -> WBS: dựng testbed, lập trình controller, kiểm thử định tuyến; Git repo & quy ước làm việc | F19: =VLOOKUP($L$4&"_"&$A19, Khung_KeHoach_Chuan!$A$11:$J$91, 7, FALSE) -> 2026-08-30 | G19: =VLOOKUP($L$4&"_"&$A19, Khung_KeHoach_Chuan!$A$11:$J$91, 8, FALSE) -> 2026-09-05 | H19: =VLOOKUP($L$4&"_"&$A19, Khung_KeHoach_Chuan!$A$11:$J$91, 9, FALSE) -> WBS Backlog + Git repo setup + Quy ước làm việc | I19: Hoàn thành
A20: 5 | B20: =VLOOKUP($L$4&"_"&$A20, Khung_KeHoach_Chuan!$A$11:$J$91, 4, FALSE) -> II. THIẾT KẾ & CHUẨN BỊ | C20: =VLOOKUP($L$4&"_"&$A20, Khung_KeHoach_Chuan!$A$11:$J$91, 5, FALSE) -> Thiết kế topology mạng thử nghiệm & luồng điều khiển | D20: =VLOOKUP($L$4&"_"&$A20, Khung_KeHoach_Chuan!$A$11:$J$91, 6, FALSE) -> Sơ đồ topology SDN/SD-WAN, luồng traffic, cơ chế trao đổi control plane - data plane | F20: =VLOOKUP($L$4&"_"&$A20, Khung_KeHoach_Chuan!$A$11:$J$91, 7, FALSE) -> 2026-09-06 | G20: =VLOOKUP($L$4&"_"&$A20, Khung_KeHoach_Chuan!$A$11:$J$91, 8, FALSE) -> 2026-09-12 | H20: =VLOOKUP($L$4&"_"&$A20, Khung_KeHoach_Chuan!$A$11:$J$91, 9, FALSE) -> Sơ đồ topology mạng + Thiết kế luồng điều khiển v1 | I20: Hoàn thành
A21: 6 | B21: =VLOOKUP($L$4&"_"&$A21, Khung_KeHoach_Chuan!$A$11:$J$91, 4, FALSE) -> II. THIẾT KẾ & CHUẨN BỊ | C21: =VLOOKUP($L$4&"_"&$A21, Khung_KeHoach_Chuan!$A$11:$J$91, 5, FALSE) -> Chuẩn bị testbed, controller & công cụ giám sát mạng | D21: =VLOOKUP($L$4&"_"&$A21, Khung_KeHoach_Chuan!$A$11:$J$91, 6, FALSE) -> Cài đặt Mininet/Containerlab + controller, công cụ sinh traffic (iperf/hping3), giám sát (Wireshark) | F21: =VLOOKUP($L$4&"_"&$A21, Khung_KeHoach_Chuan!$A$11:$J$91, 7, FALSE) -> 2026-09-06 | G21: =VLOOKUP($L$4&"_"&$A21, Khung_KeHoach_Chuan!$A$11:$J$91, 8, FALSE) -> 2026-09-12 | H21: =VLOOKUP($L$4&"_"&$A21, Khung_KeHoach_Chuan!$A$11:$J$91, 9, FALSE) -> Testbed SDN/SD-WAN hoàn chỉnh + Công cụ giám sát | I21: Hoàn thành
A22: 7 | B22: =VLOOKUP($L$4&"_"&$A22, Khung_KeHoach_Chuan!$A$11:$J$91, 4, FALSE) -> II. THIẾT KẾ & CHUẨN BỊ | C22: =VLOOKUP($L$4&"_"&$A22, Khung_KeHoach_Chuan!$A$11:$J$91, 5, FALSE) -> Xây dựng kế hoạch kiểm thử & tiêu chí nghiệm thu | D22: =VLOOKUP($L$4&"_"&$A22, Khung_KeHoach_Chuan!$A$11:$J$91, 6, FALSE) -> Test plan, kịch bản định tuyến/failover, tiêu chí đánh giá (Latency, Throughput, Packet Loss) | F22: =VLOOKUP($L$4&"_"&$A22, Khung_KeHoach_Chuan!$A$11:$J$91, 7, FALSE) -> 2026-09-13 | G22: =VLOOKUP($L$4&"_"&$A22, Khung_KeHoach_Chuan!$A$11:$J$91, 8, FALSE) -> 2026-09-19 | H22: =VLOOKUP($L$4&"_"&$A22, Khung_KeHoach_Chuan!$A$11:$J$91, 9, FALSE) -> Test plan + Bộ tiêu chí đánh giá + Baseline metrics | I22: Hoàn thành
A23: 8 | B23: =VLOOKUP($L$4&"_"&$A23, Khung_KeHoach_Chuan!$A$11:$J$91, 4, FALSE) -> II. THIẾT KẾ & CHUẨN BỊ | C23: =VLOOKUP($L$4&"_"&$A23, Khung_KeHoach_Chuan!$A$11:$J$91, 5, FALSE) -> Làm Proof of Concept (PoC): điều khiển định tuyến cơ bản qua controller | D23: =VLOOKUP($L$4&"_"&$A23, Khung_KeHoach_Chuan!$A$11:$J$91, 6, FALSE) -> Cấu hình flow rules cơ bản, kiểm tra khả năng điều khiển luồng traffic qua controller | F23: =VLOOKUP($L$4&"_"&$A23, Khung_KeHoach_Chuan!$A$11:$J$91, 7, FALSE) -> 2026-09-13 | G23: =VLOOKUP($L$4&"_"&$A23, Khung_KeHoach_Chuan!$A$11:$J$91, 8, FALSE) -> 2026-09-19 | H23: =VLOOKUP($L$4&"_"&$A23, Khung_KeHoach_Chuan!$A$11:$J$91, 9, FALSE) -> Bản demo PoC điều khiển SDN chạy được + Báo cáo rủi ro kỹ thuật | I23: Hoàn thành
A24: 9 | B24: =VLOOKUP($L$4&"_"&$A24, Khung_KeHoach_Chuan!$A$11:$J$91, 4, FALSE) -> III. TRIỂN KHAI / THỰC NGHIỆM | C24: =VLOOKUP($L$4&"_"&$A24, Khung_KeHoach_Chuan!$A$11:$J$91, 5, FALSE) -> Xây dựng phiên bản MVP: hệ thống SDN/SD-WAN vận hành cơ bản | D24: =VLOOKUP($L$4&"_"&$A24, Khung_KeHoach_Chuan!$A$11:$J$91, 6, FALSE) -> Hoàn thành luồng điều khiển - định tuyến - giám sát cơ bản trên toàn bộ topology | F24: =VLOOKUP($L$4&"_"&$A24, Khung_KeHoach_Chuan!$A$11:$J$91, 7, FALSE) -> 2026-09-20 | G24: =VLOOKUP($L$4&"_"&$A24, Khung_KeHoach_Chuan!$A$11:$J$91, 8, FALSE) -> 2026-09-26 | H24: =VLOOKUP($L$4&"_"&$A24, Khung_KeHoach_Chuan!$A$11:$J$91, 9, FALSE) -> Bản MVP: hệ thống SDN/SD-WAN chạy thông luồng cơ bản | I24: Hoàn thành
A25: 10 | B25: =VLOOKUP($L$4&"_"&$A25, Khung_KeHoach_Chuan!$A$11:$J$91, 4, FALSE) -> III. TRIỂN KHAI / THỰC NGHIỆM | C25: =VLOOKUP($L$4&"_"&$A25, Khung_KeHoach_Chuan!$A$11:$J$91, 5, FALSE) -> NỘP BÁO CÁO TIẾN ĐỘ GIỮA KỲ (MỐC KHOA) | D25: =VLOOKUP($L$4&"_"&$A25, Khung_KeHoach_Chuan!$A$11:$J$91, 6, FALSE) -> Tổng hợp tiến độ thực hiện, nộp phiếu theo dõi có chữ ký GVHD | F25: =VLOOKUP($L$4&"_"&$A25, Khung_KeHoach_Chuan!$A$11:$J$91, 7, FALSE) -> 2026-09-20 | G25: =VLOOKUP($L$4&"_"&$A25, Khung_KeHoach_Chuan!$A$11:$J$91, 8, FALSE) -> 2026-10-04 | H25: =VLOOKUP($L$4&"_"&$A25, Khung_KeHoach_Chuan!$A$11:$J$91, 9, FALSE) -> Phiếu theo dõi có chữ ký GVHD + Báo cáo giữa kỳ ELIT | I25: Chưa bắt đầu
A26: 11 | B26: =VLOOKUP($L$4&"_"&$A26, Khung_KeHoach_Chuan!$A$11:$J$91, 4, FALSE) -> III. TRIỂN KHAI / THỰC NGHIỆM | C26: =VLOOKUP($L$4&"_"&$A26, Khung_KeHoach_Chuan!$A$11:$J$91, 5, FALSE) -> Phát triển hoàn thiện module định tuyến & chính sách điều khiển | D26: =VLOOKUP($L$4&"_"&$A26, Khung_KeHoach_Chuan!$A$11:$J$91, 6, FALSE) -> Lập trình logic định tuyến động, chính sách QoS/ưu tiên traffic, xử lý sự kiện mạng | F26: =VLOOKUP($L$4&"_"&$A26, Khung_KeHoach_Chuan!$A$11:$J$91, 7, FALSE) -> 2026-10-05 | G26: =VLOOKUP($L$4&"_"&$A26, Khung_KeHoach_Chuan!$A$11:$J$91, 8, FALSE) -> 2026-10-18 | H26: =VLOOKUP($L$4&"_"&$A26, Khung_KeHoach_Chuan!$A$11:$J$91, 9, FALSE) -> Module định tuyến & chính sách điều khiển hoàn chỉnh trên Git | I26: Hoàn thành
A27: 12 | B27: =VLOOKUP($L$4&"_"&$A27, Khung_KeHoach_Chuan!$A$11:$J$91, 4, FALSE) -> III. TRIỂN KHAI / THỰC NGHIỆM | C27: =VLOOKUP($L$4&"_"&$A27, Khung_KeHoach_Chuan!$A$11:$J$91, 5, FALSE) -> Tích hợp toàn bộ hệ thống & đồng bộ cấu hình mạng | D27: =VLOOKUP($L$4&"_"&$A27, Khung_KeHoach_Chuan!$A$11:$J$91, 6, FALSE) -> Kết nối controller-switch-orchestrator, đồng bộ cấu hình giữa các site SD-WAN | F27: =VLOOKUP($L$4&"_"&$A27, Khung_KeHoach_Chuan!$A$11:$J$91, 7, FALSE) -> 2026-10-19 | G27: =VLOOKUP($L$4&"_"&$A27, Khung_KeHoach_Chuan!$A$11:$J$91, 8, FALSE) -> 2026-10-25 | H27: =VLOOKUP($L$4&"_"&$A27, Khung_KeHoach_Chuan!$A$11:$J$91, 9, FALSE) -> Hệ thống tích hợp hoàn chỉnh (Full System Build) | I27: Hoàn thành
... A42: 27 | B42: =VLOOKUP($L$4&"_"&$A42, Khung_KeHoach_Chuan!$A$11:$J$91, 4, FALSE) -> VI. ĐÓNG GÓI, BÁO CÁO & ĐÁNH GIÁ RUBRIC | C42: =VLOOKUP($L$4&"_"&$A42, Khung_KeHoach_Chuan!$A$11:$J$91, 5, FALSE) -> BÁO CÁO VỚI GVPB & NHẬP ĐIỂM RUBRIC | D42: =VLOOKUP($L$4&"_"&$A42, Khung_KeHoach_Chuan!$A$11:$J$91, 6, FALSE) -> Báo cáo trực tiếp với GVPB; GVPB và GVHD thống nhất điểm trên Rubric | F42: =VLOOKUP($L$4&"_"&$A42, Khung_KeHoach_Chuan!$A$11:$J$91, 7, FALSE) -> 2026-12-26 | G42: =VLOOKUP($L$4&"_"&$A42, Khung_KeHoach_Chuan!$A$11:$J$91, 8, FALSE) -> 2026-12-31 | H42: =VLOOKUP($L$4&"_"&$A42, Khung_KeHoach_Chuan!$A$11:$J$91, 9, FALSE) -> Hoàn thành bảo vệ & Điểm số Rubric chính thức | I42: Chưa bắt đầu
A43: KHỐI CÔNG VIỆC - LOẠI HÌNH THỨ 2 (CHỈ DÙNG NẾU NHÓM LÀM ĐỒNG THỜI 2 LOẠI HÌNH)
A44: STT | B44: Giai Đoạn | C44: Hạng Mục Công Việc | D44: Nội Dung Cần Thực Hiện / Gợi Ý | E44: Nội Dung Nhóm Tự Điền | F44: Bắt Đầu | G44: Hạn Hoàn Thành | H44: Kết Quả Đầu Ra Gợi Ý | I44: Trạng Thái (*) | J44: Người Phụ Trách / Ghi Chú & Link
A45: 1 | B45: =IFERROR(VLOOKUP($C$10&"_"&$A45, Khung_KeHoach_Chuan!$A$11:$J$91, 4, FALSE),"") | C45: =IFERROR(VLOOKUP($C$10&"_"&$A45, Khung_KeHoach_Chuan!$A$11:$J$91, 5, FALSE),"") | D45: =IFERROR(VLOOKUP($C$10&"_"&$A45, Khung_KeHoach_Chuan!$A$11:$J$91, 6, FALSE),"") | F45: =IFERROR(VLOOKUP($C$10&"_"&$A45, Khung_KeHoach_Chuan!$A$11:$J$91, 7, FALSE),"") | G45: =IFERROR(VLOOKUP($C$10&"_"&$A45, Khung_KeHoach_Chuan!$A$11:$J$91, 8, FALSE),"") | H45: =IFERROR(VLOOKUP($C$10&"_"&$A45, Khung_KeHoach_Chuan!$A$11:$J$91, 9, FALSE),"") | I45: Chưa bắt đầu
A46: 2 | B46: =IFERROR(VLOOKUP($C$10&"_"&$A46, Khung_KeHoach_Chuan!$A$11:$J$91, 4, FALSE),"") | C46: =IFERROR(VLOOKUP($C$10&"_"&$A46, Khung_KeHoach_Chuan!$A$11:$J$91, 5, FALSE),"") | D46: =IFERROR(VLOOKUP($C$10&"_"&$A46, Khung_KeHoach_Chuan!$A$11:$J$91, 6, FALSE),"") | F46: =IFERROR(VLOOKUP($C$10&"_"&$A46, Khung_KeHoach_Chuan!$A$11:$J$91, 7, FALSE),"") | G46: =IFERROR(VLOOKUP($C$10&"_"&$A46, Khung_KeHoach_Chuan!$A$11:$J$91, 8, FALSE),"") | H46: =IFERROR(VLOOKUP($C$10&"_"&$A46, Khung_KeHoach_Chuan!$A$11:$J$91, 9, FALSE),"") | I46: Chưa bắt đầu
A47: 3 | B47: =IFERROR(VLOOKUP($C$10&"_"&$A47, Khung_KeHoach_Chuan!$A$11:$J$91, 4, FALSE),"") | C47: =IFERROR(VLOOKUP($C$10&"_"&$A47, Khung_KeHoach_Chuan!$A$11:$J$91, 5, FALSE),"") | D47: =IFERROR(VLOOKUP($C$10&"_"&$A47, Khung_KeHoach_Chuan!$A$11:$J$91, 6, FALSE),"") | F47: =IFERROR(VLOOKUP($C$10&"_"&$A47, Khung_KeHoach_Chuan!$A$11:$J$91, 7, FALSE),"") | G47: =IFERROR(VLOOKUP($C$10&"_"&$A47, Khung_KeHoach_Chuan!$A$11:$J$91, 8, FALSE),"") | H47: =IFERROR(VLOOKUP($C$10&"_"&$A47, Khung_KeHoach_Chuan!$A$11:$J$91, 9, FALSE),"") | I47: Chưa bắt đầu
A48: 4 | B48: =IFERROR(VLOOKUP($C$10&"_"&$A48, Khung_KeHoach_Chuan!$A$11:$J$91, 4, FALSE),"") | C48: =IFERROR(VLOOKUP($C$10&"_"&$A48, Khung_KeHoach_Chuan!$A$11:$J$91, 5, FALSE),"") | D48: =IFERROR(VLOOKUP($C$10&"_"&$A48, Khung_KeHoach_Chuan!$A$11:$J$91, 6, FALSE),"") | F48: =IFERROR(VLOOKUP($C$10&"_"&$A48, Khung_KeHoach_Chuan!$A$11:$J$91, 7, FALSE),"") | G48: =IFERROR(VLOOKUP($C$10&"_"&$A48, Khung_KeHoach_Chuan!$A$11:$J$91, 8, FALSE),"") | H48: =IFERROR(VLOOKUP($C$10&"_"&$A48, Khung_KeHoach_Chuan!$A$11:$J$91, 9, FALSE),"") | I48: Chưa bắt đầu
A49: 5 | B49: =IFERROR(VLOOKUP($C$10&"_"&$A49, Khung_KeHoach_Chuan!$A$11:$J$91, 4, FALSE),"") | C49: =IFERROR(VLOOKUP($C$10&"_"&$A49, Khung_KeHoach_Chuan!$A$11:$J$91, 5, FALSE),"") | D49: =IFERROR(VLOOKUP($C$10&"_"&$A49, Khung_KeHoach_Chuan!$A$11:$J$91, 6, FALSE),"") | F49: =IFERROR(VLOOKUP($C$10&"_"&$A49, Khung_KeHoach_Chuan!$A$11:$J$91, 7, FALSE),"") | G49: =IFERROR(VLOOKUP($C$10&"_"&$A49, Khung_KeHoach_Chuan!$A$11:$J$91, 8, FALSE),"") | H49: =IFERROR(VLOOKUP($C$10&"_"&$A49, Khung_KeHoach_Chuan!$A$11:$J$91, 9, FALSE),"") | I49: Chưa bắt đầu
A50: 6 | B50: =IFERROR(VLOOKUP($C$10&"_"&$A50, Khung_KeHoach_Chuan!$A$11:$J$91, 4, FALSE),"") | C50: =IFERROR(VLOOKUP($C$10&"_"&$A50, Khung_KeHoach_Chuan!$A$11:$J$91, 5, FALSE),"") | D50: =IFERROR(VLOOKUP($C$10&"_"&$A50, Khung_KeHoach_Chuan!$A$11:$J$91, 6, FALSE),"") | F50: =IFERROR(VLOOKUP($C$10&"_"&$A50, Khung_KeHoach_Chuan!$A$11:$J$91, 7, FALSE),"") | G50: =IFERROR(VLOOKUP($C$10&"_"&$A50, Khung_KeHoach_Chuan!$A$11:$J$91, 8, FALSE),"") | H50: =IFERROR(VLOOKUP($C$10&"_"&$A50, Khung_KeHoach_Chuan!$A$11:$J$91, 9, FALSE),"") | I50: Chưa bắt đầu
A51: 7 | B51: =IFERROR(VLOOKUP($C$10&"_"&$A51, Khung_KeHoach_Chuan!$A$11:$J$91, 4, FALSE),"") | C51: =IFERROR(VLOOKUP($C$10&"_"&$A51, Khung_KeHoach_Chuan!$A$11:$J$91, 5, FALSE),"") | D51: =IFERROR(VLOOKUP($C$10&"_"&$A51, Khung_KeHoach_Chuan!$A$11:$J$91, 6, FALSE),"") | F51: =IFERROR(VLOOKUP($C$10&"_"&$A51, Khung_KeHoach_Chuan!$A$11:$J$91, 7, FALSE),"") | G51: =IFERROR(VLOOKUP($C$10&"_"&$A51, Khung_KeHoach_Chuan!$A$11:$J$91, 8, FALSE),"") | H51: =IFERROR(VLOOKUP($C$10&"_"&$A51, Khung_KeHoach_Chuan!$A$11:$J$91, 9, FALSE),"") | I51: Chưa bắt đầu
A52: 8 | B52: =IFERROR(VLOOKUP($C$10&"_"&$A52, Khung_KeHoach_Chuan!$A$11:$J$91, 4, FALSE),"") | C52: =IFERROR(VLOOKUP($C$10&"_"&$A52, Khung_KeHoach_Chuan!$A$11:$J$91, 5, FALSE),"") | D52: =IFERROR(VLOOKUP($C$10&"_"&$A52, Khung_KeHoach_Chuan!$A$11:$J$91, 6, FALSE),"") | F52: =IFERROR(VLOOKUP($C$10&"_"&$A52, Khung_KeHoach_Chuan!$A$11:$J$91, 7, FALSE),"") | G52: =IFERROR(VLOOKUP($C$10&"_"&$A52, Khung_KeHoach_Chuan!$A$11:$J$91, 8, FALSE),"") | H52: =IFERROR(VLOOKUP($C$10&"_"&$A52, Khung_KeHoach_Chuan!$A$11:$J$91, 9, FALSE),"") | I52: Chưa bắt đầu
A53: 9 | B53: =IFERROR(VLOOKUP($C$10&"_"&$A53, Khung_KeHoach_Chuan!$A$11:$J$91, 4, FALSE),"") | C53: =IFERROR(VLOOKUP($C$10&"_"&$A53, Khung_KeHoach_Chuan!$A$11:$J$91, 5, FALSE),"") | D53: =IFERROR(VLOOKUP($C$10&"_"&$A53, Khung_KeHoach_Chuan!$A$11:$J$91, 6, FALSE),"") | F53: =IFERROR(VLOOKUP($C$10&"_"&$A53, Khung_KeHoach_Chuan!$A$11:$J$91, 7, FALSE),"") | G53: =IFERROR(VLOOKUP($C$10&"_"&$A53, Khung_KeHoach_Chuan!$A$11:$J$91, 8, FALSE),"") | H53: =IFERROR(VLOOKUP($C$10&"_"&$A53, Khung_KeHoach_Chuan!$A$11:$J$91, 9, FALSE),"") | I53: Chưa bắt đầu
A54: 10 | B54: =IFERROR(VLOOKUP($C$10&"_"&$A54, Khung_KeHoach_Chuan!$A$11:$J$91, 4, FALSE),"") | C54: =IFERROR(VLOOKUP($C$10&"_"&$A54, Khung_KeHoach_Chuan!$A$11:$J$91, 5, FALSE),"") | D54: =IFERROR(VLOOKUP($C$10&"_"&$A54, Khung_KeHoach_Chuan!$A$11:$J$91, 6, FALSE),"") | F54: =IFERROR(VLOOKUP($C$10&"_"&$A54, Khung_KeHoach_Chuan!$A$11:$J$91, 7, FALSE),"") | G54: =IFERROR(VLOOKUP($C$10&"_"&$A54, Khung_KeHoach_Chuan!$A$11:$J$91, 8, FALSE),"") | H54: =IFERROR(VLOOKUP($C$10&"_"&$A54, Khung_KeHoach_Chuan!$A$11:$J$91, 9, FALSE),"") | I54: Chưa bắt đầu
A55: 11 | B55: =IFERROR(VLOOKUP($C$10&"_"&$A55, Khung_KeHoach_Chuan!$A$11:$J$91, 4, FALSE),"") | C55: =IFERROR(VLOOKUP($C$10&"_"&$A55, Khung_KeHoach_Chuan!$A$11:$J$91, 5, FALSE),"") | D55: =IFERROR(VLOOKUP($C$10&"_"&$A55, Khung_KeHoach_Chuan!$A$11:$J$91, 6, FALSE),"") | F55: =IFERROR(VLOOKUP($C$10&"_"&$A55, Khung_KeHoach_Chuan!$A$11:$J$91, 7, FALSE),"") | G55: =IFERROR(VLOOKUP($C$10&"_"&$A55, Khung_KeHoach_Chuan!$A$11:$J$91, 8, FALSE),"") | H55: =IFERROR(VLOOKUP($C$10&"_"&$A55, Khung_KeHoach_Chuan!$A$11:$J$91, 9, FALSE),"") | I55: Chưa bắt đầu
A56: 12 | B56: =IFERROR(VLOOKUP($C$10&"_"&$A56, Khung_KeHoach_Chuan!$A$11:$J$91, 4, FALSE),"") | C56: =IFERROR(VLOOKUP($C$10&"_"&$A56, Khung_KeHoach_Chuan!$A$11:$J$91, 5, FALSE),"") | D56: =IFERROR(VLOOKUP($C$10&"_"&$A56, Khung_KeHoach_Chuan!$A$11:$J$91, 6, FALSE),"") | F56: =IFERROR(VLOOKUP($C$10&"_"&$A56, Khung_KeHoach_Chuan!$A$11:$J$91, 7, FALSE),"") | G56: =IFERROR(VLOOKUP($C$10&"_"&$A56, Khung_KeHoach_Chuan!$A$11:$J$91, 8, FALSE),"") | H56: =IFERROR(VLOOKUP($C$10&"_"&$A56, Khung_KeHoach_Chuan!$A$11:$J$91, 9, FALSE),"") | I56: Chưa bắt đầu
... A71: 27 | B71: =IFERROR(VLOOKUP($C$10&"_"&$A71, Khung_KeHoach_Chuan!$A$11:$J$91, 4, FALSE),"") | C71: =IFERROR(VLOOKUP($C$10&"_"&$A71, Khung_KeHoach_Chuan!$A$11:$J$91, 5, FALSE),"") | D71: =IFERROR(VLOOKUP($C$10&"_"&$A71, Khung_KeHoach_Chuan!$A$11:$J$91, 6, FALSE),"") | F71: =IFERROR(VLOOKUP($C$10&"_"&$A71, Khung_KeHoach_Chuan!$A$11:$J$91, 7, FALSE),"") | G71: =IFERROR(VLOOKUP($C$10&"_"&$A71, Khung_KeHoach_Chuan!$A$11:$J$91, 8, FALSE),"") | H71: =IFERROR(VLOOKUP($C$10&"_"&$A71, Khung_KeHoach_Chuan!$A$11:$J$91, 9, FALSE),"") | I71: Chưa bắt đầu

Sheet Nhom_02
A1: BẢNG THEO DÕI TIẾN ĐỘ THỰC HIỆN ĐỀ TÀI - NHÓM 02
A2: Khoa Công nghệ Thông tin - Trường ĐH Tôn Đức Thắng | Học kỳ 1 / Năm học 2026 - 2027
A4: Loại hình đề tài (*): | C4: Dự án CNTT | F4: GV Hướng dẫn: | G4: ThS. Lê Viết Thanh | L4: =IF(OR($C$4="Dự án + Đồ án",$C$4="Dự án + Khóa luận"),"Dự án CNTT",$C$4) -> Dự án CNTT
A5: Tên đề tài / dự án: | C5: SO SÁNH MẠNG WAN TRUYỀN THỐNG VÀ MẠNG TÍCH HỢP SDN VÀ SD-WAN
A6: Sinh viên 1 (Trưởng nhóm): | C6: Đỗ Tuấn Khang - 52300207 | F6: Sinh viên 2: | G6: Nguyễn Minh Huy - 52300203
A7: Email / SĐT SV 1: | C7: 52300207@student.tdtu.edu.vn | F7: Email / SĐT SV 2: | G7: 52300203@student.tdtu.edu.vn
A8: Ngày bắt đầu: | C8: =VLOOKUP($L$4, Khung_KeHoach_Chuan!$A$5:$H$7, 2, FALSE) -> 2026-08-24 | F8: Báo cáo sạch hoàn tất: | G8: =VLOOKUP($L$4, Khung_KeHoach_Chuan!$A$5:$H$7, 4, FALSE) -> 2026-11-20
A9: Deadline chính thức: | C9: =VLOOKUP($L$4, Khung_KeHoach_Chuan!$A$5:$H$7, 5, FALSE) -> 2026-12-04 | F9: Lịch Phản biện / Bảo vệ: | G9: =VLOOKUP($L$4, Khung_KeHoach_Chuan!$A$5:$H$7, 7, FALSE) -> 26/12/2026 – 31/12/2026
A10: Loại hình thứ 2 (nếu có):
A11: TỔNG QUAN TIẾN ĐỘ THỰC HIỆN CỦA NHÓM
A12: Tổng Hạng Mục | B12: Hoàn Thành | C12: Đang Làm | D12: Chưa Bắt Đầu | F12: Tạm Hoãn | G12: Báo Cáo Sạch | H12: Tỷ Lệ Hoàn Thành | I12: Trạng Thái Chung
A13: =COUNTA(C16:C42) + IF($C$10<>"", COUNTA(C45:C71), 0) -> 27 | B13: =COUNTIF(I16:I42, "Hoàn thành") + IF($C$10<>"", COUNTIF(I45:I71, "Hoàn thành"), 0) -> 5 | C13: =COUNTIF(I16:I42, "Đang thực hiện") + IF($C$10<>"", COUNTIF(I45:I71, "Đang thực hiện"), 0) -> 4 | D13: =COUNTIF(I16:I42, "Chưa bắt đầu") + IF($C$10<>"", COUNTIF(I45:I71, "Chưa bắt đầu"), 0) -> 18 | F13: =COUNTIF(I16:I42, "Tạm hoãn - Bị chặn") + IF($C$10<>"", COUNTIF(I45:I71, "Tạm hoãn - Bị chặn"), 0) -> 0 | G13: =G8 -> 2026-11-20 | H13: =B13/A13 -> 0.18518519 | I13: =IF(H13=1, "ĐÃ HOÀN TẤT", IF(H13>=0.5, "ĐANG ĐÚNG HẠN", IF(F13>0, "CẦN HỖ TRỢ", "ĐANG THỰC HIỆN"))) -> ĐANG THỰC HIỆN
A15: STT | B15: Giai Đoạn | C15: Hạng Mục Công Việc | D15: Nội Dung Cần Thực Hiện / Gợi Ý | E15: Nội Dung Nhóm Tự Điền | F15: Bắt Đầu | G15: Hạn Hoàn Thành | H15: Kết Quả Đầu Ra Gợi Ý | I15: Trạng Thái (*) | J15: Người Phụ Trách / Ghi Chú & Link
A16: 1 | B16: =VLOOKUP($L$4&"_"&$A16, Khung_KeHoach_Chuan!$A$11:$J$91, 4, FALSE) -> I. ĐỊNH HƯỚNG & PHƯƠNG PHÁP LUẬN | C16: =VLOOKUP($L$4&"_"&$A16, Khung_KeHoach_Chuan!$A$11:$J$91, 5, FALSE) -> Xác định bài toán mạng & mục tiêu dự án SDN/SD-WAN | D16: =VLOOKUP($L$4&"_"&$A16, Khung_KeHoach_Chuan!$A$11:$J$91, 6, FALSE) -> Vấn đề mạng cần giải quyết (định tuyến, QoS, giám sát, bảo mật...); phạm vi topology thử nghiệm | E16: Bài toán cần giải quyết: WAN truyền thống (MPLS) có chi phí cao, khó mở rộng, tốn thời gian cấu hình thủ công từng thiết bị và thiếu khả năng quản lý, giám sát tập trung. Mục tiêu dự án: Tối ưu hóa hạ tầng mạng bằng cách chuyển đổi/tích hợp mô hình SDN/SD-WAN; tự động hóa việc điều khiển luồng dữ liệu và quản trị tập trung.Phạm vi mô hình: Giả lập mạng gồm 2–3 chi nhánh (Sites) nối về Trung tâm dữ liệu (Data Center) qua các đường truyền song song (MPLS giả lập + Internet). | F16: =VLOOKUP($L$4&"_"&$A16, Khung_KeHoach_Chuan!$A$11:$J$91, 7, FALSE) -> 2026-08-24 | G16: =VLOOKUP($L$4&"_"&$A16, Khung_KeHoach_Chuan!$A$11:$J$91, 8, FALSE) -> 2026-08-28 | H16: =VLOOKUP($L$4&"_"&$A16, Khung_KeHoach_Chuan!$A$11:$J$91, 9, FALSE) -> Tuyên bố bài toán + Phạm vi triển khai SDN/SD-WAN v1 | I16: Hoàn thành
A17: 2 | B17: =VLOOKUP($L$4&"_"&$A17, Khung_KeHoach_Chuan!$A$11:$J$91, 4, FALSE) -> I. ĐỊNH HƯỚNG & PHƯƠNG PHÁP LUẬN | C17: =VLOOKUP($L$4&"_"&$A17, Khung_KeHoach_Chuan!$A$11:$J$91, 5, FALSE) -> Khảo sát kiến trúc SDN/SD-WAN & giải pháp liên quan | D17: =VLOOKUP($L$4&"_"&$A17, Khung_KeHoach_Chuan!$A$11:$J$91, 6, FALSE) -> Kiến trúc SDN (control/data plane, OpenFlow), nền tảng SD-WAN thương mại/mã nguồn mở | E17: Kiến trúc SDN: Phân tách rõ 3 mặt phẳng gồm Data Plane (chuyển tiếp dữ liệu qua OpenFlow), Control Plane (bộ điều khiển tập trung) và Application Plane (các ứng dụng quản trị, QoS, bảo mật). Công nghệ SD-WAN: Sử dụng mạng ảo (Overlay Tunnel), chọn đường đi linh hoạt dựa trên chất lượng đường truyền (Dynamic Path Selection) và quản lý tập trung qua bảng điều khiển. Giải pháp khảo sát: Khảo sát các nền tảng mã nguồn mở OpenDaylight, ONOS, Mininet và tham khảo tài liệu các giải pháp thương mại (Cisco Viptela, Fortinet, VMware VeloCloud). | F17: =VLOOKUP($L$4&"_"&$A17, Khung_KeHoach_Chuan!$A$11:$J$91, 7, FALSE) -> 2026-08-24 | G17: =VLOOKUP($L$4&"_"&$A17, Khung_KeHoach_Chuan!$A$11:$J$91, 8, FALSE) -> 2026-09-02 | H17: =VLOOKUP($L$4&"_"&$A17, Khung_KeHoach_Chuan!$A$11:$J$91, 9, FALSE) -> Bảng khảo sát Related Work + So sánh giải pháp SDN/SD-WAN hiện có | I17: Hoàn thành
A18: 3 | B18: =VLOOKUP($L$4&"_"&$A18, Khung_KeHoach_Chuan!$A$11:$J$91, 4, FALSE) -> I. ĐỊNH HƯỚNG & PHƯƠNG PHÁP LUẬN | C18: =VLOOKUP($L$4&"_"&$A18, Khung_KeHoach_Chuan!$A$11:$J$91, 5, FALSE) -> Chọn SDN controller, công cụ mô phỏng & kiến trúc hệ thống | D18: =VLOOKUP($L$4&"_"&$A18, Khung_KeHoach_Chuan!$A$11:$J$91, 6, FALSE) -> Controller (ONOS/Ryu/OpenDaylight), công cụ mô phỏng (Mininet/Containerlab/GNS3), giao thức điều khiển | E18: SDN Controller: Chọn ONOS do ưu điểm nhẹ, dễ lập trình kịch bản điều khiển bằng Python và hỗ trợ chuẩn OpenFlow v1.3. Công cụ mô phỏng: Sử dụng Mininet kết hợp với Open vSwitch (OVS) để tạo lập topo mạng ảo hóa cho các Router/Switch WAN. | F18: =VLOOKUP($L$4&"_"&$A18, Khung_KeHoach_Chuan!$A$11:$J$91, 7, FALSE) -> 2026-08-28 | G18: =VLOOKUP($L$4&"_"&$A18, Khung_KeHoach_Chuan!$A$11:$J$91, 8, FALSE) -> 2026-09-05 | H18: =VLOOKUP($L$4&"_"&$A18, Khung_KeHoach_Chuan!$A$11:$J$91, 9, FALSE) -> Sơ đồ kiến trúc tổng thể mạng + Tech stack specification | I18: Hoàn thành
A19: 4 | B19: =VLOOKUP($L$4&"_"&$A19, Khung_KeHoach_Chuan!$A$11:$J$91, 4, FALSE) -> I. ĐỊNH HƯỚNG & PHƯƠNG PHÁP LUẬN | C19: =VLOOKUP($L$4&"_"&$A19, Khung_KeHoach_Chuan!$A$11:$J$91, 5, FALSE) -> Lập kế hoạch công việc, phân công & quản trị rủi ro | D19: =VLOOKUP($L$4&"_"&$A19, Khung_KeHoach_Chuan!$A$11:$J$91, 6, FALSE) -> WBS: dựng testbed, lập trình controller, kiểm thử định tuyến; Git repo & quy ước làm việc | F19: =VLOOKUP($L$4&"_"&$A19, Khung_KeHoach_Chuan!$A$11:$J$91, 7, FALSE) -> 2026-08-30 | G19: =VLOOKUP($L$4&"_"&$A19, Khung_KeHoach_Chuan!$A$11:$J$91, 8, FALSE) -> 2026-09-05 | H19: =VLOOKUP($L$4&"_"&$A19, Khung_KeHoach_Chuan!$A$11:$J$91, 9, FALSE) -> WBS Backlog + Git repo setup + Quy ước làm việc | I19: Hoàn thành
A20: 5 | B20: =VLOOKUP($L$4&"_"&$A20, Khung_KeHoach_Chuan!$A$11:$J$91, 4, FALSE) -> II. THIẾT KẾ & CHUẨN BỊ | C20: =VLOOKUP($L$4&"_"&$A20, Khung_KeHoach_Chuan!$A$11:$J$91, 5, FALSE) -> Thiết kế topology mạng thử nghiệm & luồng điều khiển | D20: =VLOOKUP($L$4&"_"&$A20, Khung_KeHoach_Chuan!$A$11:$J$91, 6, FALSE) -> Sơ đồ topology SDN/SD-WAN, luồng traffic, cơ chế trao đổi control plane - data plane | F20: =VLOOKUP($L$4&"_"&$A20, Khung_KeHoach_Chuan!$A$11:$J$91, 7, FALSE) -> 2026-09-06 | G20: =VLOOKUP($L$4&"_"&$A20, Khung_KeHoach_Chuan!$A$11:$J$91, 8, FALSE) -> 2026-09-12 | H20: =VLOOKUP($L$4&"_"&$A20, Khung_KeHoach_Chuan!$A$11:$J$91, 9, FALSE) -> Sơ đồ topology mạng + Thiết kế luồng điều khiển v1 | I20: Hoàn thành
A21: 6 | B21: =VLOOKUP($L$4&"_"&$A21, Khung_KeHoach_Chuan!$A$11:$J$91, 4, FALSE) -> II. THIẾT KẾ & CHUẨN BỊ | C21: =VLOOKUP($L$4&"_"&$A21, Khung_KeHoach_Chuan!$A$11:$J$91, 5, FALSE) -> Chuẩn bị testbed, controller & công cụ giám sát mạng | D21: =VLOOKUP($L$4&"_"&$A21, Khung_KeHoach_Chuan!$A$11:$J$91, 6, FALSE) -> Cài đặt Mininet/Containerlab + controller, công cụ sinh traffic (iperf/hping3), giám sát (Wireshark) | F21: =VLOOKUP($L$4&"_"&$A21, Khung_KeHoach_Chuan!$A$11:$J$91, 7, FALSE) -> 2026-09-06 | G21: =VLOOKUP($L$4&"_"&$A21, Khung_KeHoach_Chuan!$A$11:$J$91, 8, FALSE) -> 2026-09-12 | H21: =VLOOKUP($L$4&"_"&$A21, Khung_KeHoach_Chuan!$A$11:$J$91, 9, FALSE) -> Testbed SDN/SD-WAN hoàn chỉnh + Công cụ giám sát | I21: Đang thực hiện
A22: 7 | B22: =VLOOKUP($L$4&"_"&$A22, Khung_KeHoach_Chuan!$A$11:$J$91, 4, FALSE) -> II. THIẾT KẾ & CHUẨN BỊ | C22: =VLOOKUP($L$4&"_"&$A22, Khung_KeHoach_Chuan!$A$11:$J$91, 5, FALSE) -> Xây dựng kế hoạch kiểm thử & tiêu chí nghiệm thu | D22: =VLOOKUP($L$4&"_"&$A22, Khung_KeHoach_Chuan!$A$11:$J$91, 6, FALSE) -> Test plan, kịch bản định tuyến/failover, tiêu chí đánh giá (Latency, Throughput, Packet Loss) | F22: =VLOOKUP($L$4&"_"&$A22, Khung_KeHoach_Chuan!$A$11:$J$91, 7, FALSE) -> 2026-09-13 | G22: =VLOOKUP($L$4&"_"&$A22, Khung_KeHoach_Chuan!$A$11:$J$91, 8, FALSE) -> 2026-09-19 | H22: =VLOOKUP($L$4&"_"&$A22, Khung_KeHoach_Chuan!$A$11:$J$91, 9, FALSE) -> Test plan + Bộ tiêu chí đánh giá + Baseline metrics | I22: Đang thực hiện
A23: 8 | B23: =VLOOKUP($L$4&"_"&$A23, Khung_KeHoach_Chuan!$A$11:$J$91, 4, FALSE) -> II. THIẾT KẾ & CHUẨN BỊ | C23: =VLOOKUP($L$4&"_"&$A23, Khung_KeHoach_Chuan!$A$11:$J$91, 5, FALSE) -> Làm Proof of Concept (PoC): điều khiển định tuyến cơ bản qua controller | D23: =VLOOKUP($L$4&"_"&$A23, Khung_KeHoach_Chuan!$A$11:$J$91, 6, FALSE) -> Cấu hình flow rules cơ bản, kiểm tra khả năng điều khiển luồng traffic qua controller | F23: =VLOOKUP($L$4&"_"&$A23, Khung_KeHoach_Chuan!$A$11:$J$91, 7, FALSE) -> 2026-09-13 | G23: =VLOOKUP($L$4&"_"&$A23, Khung_KeHoach_Chuan!$A$11:$J$91, 8, FALSE) -> 2026-09-19 | H23: =VLOOKUP($L$4&"_"&$A23, Khung_KeHoach_Chuan!$A$11:$J$91, 9, FALSE) -> Bản demo PoC điều khiển SDN chạy được + Báo cáo rủi ro kỹ thuật | I23: Đang thực hiện
A24: 9 | B24: =VLOOKUP($L$4&"_"&$A24, Khung_KeHoach_Chuan!$A$11:$J$91, 4, FALSE) -> III. TRIỂN KHAI / THỰC NGHIỆM | C24: =VLOOKUP($L$4&"_"&$A24, Khung_KeHoach_Chuan!$A$11:$J$91, 5, FALSE) -> Xây dựng phiên bản MVP: hệ thống SDN/SD-WAN vận hành cơ bản | D24: =VLOOKUP($L$4&"_"&$A24, Khung_KeHoach_Chuan!$A$11:$J$91, 6, FALSE) -> Hoàn thành luồng điều khiển - định tuyến - giám sát cơ bản trên toàn bộ topology | F24: =VLOOKUP($L$4&"_"&$A24, Khung_KeHoach_Chuan!$A$11:$J$91, 7, FALSE) -> 2026-09-20 | G24: =VLOOKUP($L$4&"_"&$A24, Khung_KeHoach_Chuan!$A$11:$J$91, 8, FALSE) -> 2026-09-26 | H24: =VLOOKUP($L$4&"_"&$A24, Khung_KeHoach_Chuan!$A$11:$J$91, 9, FALSE) -> Bản MVP: hệ thống SDN/SD-WAN chạy thông luồng cơ bản | I24: Đang thực hiện
A25: 10 | B25: =VLOOKUP($L$4&"_"&$A25, Khung_KeHoach_Chuan!$A$11:$J$91, 4, FALSE) -> III. TRIỂN KHAI / THỰC NGHIỆM | C25: =VLOOKUP($L$4&"_"&$A25, Khung_KeHoach_Chuan!$A$11:$J$91, 5, FALSE) -> NỘP BÁO CÁO TIẾN ĐỘ GIỮA KỲ (MỐC KHOA) | D25: =VLOOKUP($L$4&"_"&$A25, Khung_KeHoach_Chuan!$A$11:$J$91, 6, FALSE) -> Tổng hợp tiến độ thực hiện, nộp phiếu theo dõi có chữ ký GVHD | F25: =VLOOKUP($L$4&"_"&$A25, Khung_KeHoach_Chuan!$A$11:$J$91, 7, FALSE) -> 2026-09-20 | G25: =VLOOKUP($L$4&"_"&$A25, Khung_KeHoach_Chuan!$A$11:$J$91, 8, FALSE) -> 2026-10-04 | H25: =VLOOKUP($L$4&"_"&$A25, Khung_KeHoach_Chuan!$A$11:$J$91, 9, FALSE) -> Phiếu theo dõi có chữ ký GVHD + Báo cáo giữa kỳ ELIT | I25: Chưa bắt đầu
A26: 11 | B26: =VLOOKUP($L$4&"_"&$A26, Khung_KeHoach_Chuan!$A$11:$J$91, 4, FALSE) -> III. TRIỂN KHAI / THỰC NGHIỆM | C26: =VLOOKUP($L$4&"_"&$A26, Khung_KeHoach_Chuan!$A$11:$J$91, 5, FALSE) -> Phát triển hoàn thiện module định tuyến & chính sách điều khiển | D26: =VLOOKUP($L$4&"_"&$A26, Khung_KeHoach_Chuan!$A$11:$J$91, 6, FALSE) -> Lập trình logic định tuyến động, chính sách QoS/ưu tiên traffic, xử lý sự kiện mạng | F26: =VLOOKUP($L$4&"_"&$A26, Khung_KeHoach_Chuan!$A$11:$J$91, 7, FALSE) -> 2026-10-05 | G26: =VLOOKUP($L$4&"_"&$A26, Khung_KeHoach_Chuan!$A$11:$J$91, 8, FALSE) -> 2026-10-18 | H26: =VLOOKUP($L$4&"_"&$A26, Khung_KeHoach_Chuan!$A$11:$J$91, 9, FALSE) -> Module định tuyến & chính sách điều khiển hoàn chỉnh trên Git | I26: Chưa bắt đầu
A27: 12 | B27: =VLOOKUP($L$4&"_"&$A27, Khung_KeHoach_Chuan!$A$11:$J$91, 4, FALSE) -> III. TRIỂN KHAI / THỰC NGHIỆM | C27: =VLOOKUP($L$4&"_"&$A27, Khung_KeHoach_Chuan!$A$11:$J$91, 5, FALSE) -> Tích hợp toàn bộ hệ thống & đồng bộ cấu hình mạng | D27: =VLOOKUP($L$4&"_"&$A27, Khung_KeHoach_Chuan!$A$11:$J$91, 6, FALSE) -> Kết nối controller-switch-orchestrator, đồng bộ cấu hình giữa các site SD-WAN | F27: =VLOOKUP($L$4&"_"&$A27, Khung_KeHoach_Chuan!$A$11:$J$91, 7, FALSE) -> 2026-10-19 | G27: =VLOOKUP($L$4&"_"&$A27, Khung_KeHoach_Chuan!$A$11:$J$91, 8, FALSE) -> 2026-10-25 | H27: =VLOOKUP($L$4&"_"&$A27, Khung_KeHoach_Chuan!$A$11:$J$91, 9, FALSE) -> Hệ thống tích hợp hoàn chỉnh (Full System Build) | I27: Chưa bắt đầu
A28: 13 | B28: =VLOOKUP($L$4&"_"&$A28, Khung_KeHoach_Chuan!$A$11:$J$91, 4, FALSE) -> III. TRIỂN KHAI / THỰC NGHIỆM | C28: =VLOOKUP($L$4&"_"&$A28, Khung_KeHoach_Chuan!$A$11:$J$91, 5, FALSE) -> Duy trì Technical Log, Commit history & Bằng chứng | D28: =VLOOKUP($L$4&"_"&$A28, Khung_KeHoach_Chuan!$A$11:$J$91, 6, FALSE) -> Ghi log cấu hình controller, thay đổi flow rules, biên bản họp định kỳ với GVHD | F28: =VLOOKUP($L$4&"_"&$A28, Khung_KeHoach_Chuan!$A$11:$J$91, 7, FALSE) -> 2026-09-20 | G28: =VLOOKUP($L$4&"_"&$A28, Khung_KeHoach_Chuan!$A$11:$J$91, 8, FALSE) -> 2026-10-31 | H28: =VLOOKUP($L$4&"_"&$A28, Khung_KeHoach_Chuan!$A$11:$J$91, 9, FALSE) -> Thư mục Evidence + Git commit log chuẩn quy cách | I28: Chưa bắt đầu
A29: 14 | B29: =VLOOKUP($L$4&"_"&$A29, Khung_KeHoach_Chuan!$A$11:$J$91, 4, FALSE) -> IV. KIỂM THỬ & ĐÁNH GIÁ | C29: =VLOOKUP($L$4&"_"&$A29, Khung_KeHoach_Chuan!$A$11:$J$91, 5, FALSE) -> Thực thi kiểm thử chức năng hệ thống SDN/SD-WAN | D29: =VLOOKUP($L$4&"_"&$A29, Khung_KeHoach_Chuan!$A$11:$J$91, 6, FALSE) -> Kiểm tra định tuyến, failover, chính sách QoS, khả năng phản hồi controller | F29: =VLOOKUP($L$4&"_"&$A29, Khung_KeHoach_Chuan!$A$11:$J$91, 7, FALSE) -> 2026-10-26 | G29: =VLOOKUP($L$4&"_"&$A29, Khung_KeHoach_Chuan!$A$11:$J$91, 8, FALSE) -> 2026-11-01 | H29: =VLOOKUP($L$4&"_"&$A29, Khung_KeHoach_Chuan!$A$11:$J$91, 9, FALSE) -> Bảng kết quả test chi tiết + Danh sách lỗi đã xử lý | I29: Chưa bắt đầu
A30: 15 | B30: =VLOOKUP($L$4&"_"&$A30, Khung_KeHoach_Chuan!$A$11:$J$91, 4, FALSE) -> IV. KIỂM THỬ & ĐÁNH GIÁ | C30: =VLOOKUP($L$4&"_"&$A30, Khung_KeHoach_Chuan!$A$11:$J$91, 5, FALSE) -> Kiểm thử hiệu năng, độ trễ & khả năng mở rộng hệ thống | D30: =VLOOKUP($L$4&"_"&$A30, Khung_KeHoach_Chuan!$A$11:$J$91, 6, FALSE) -> Đo độ trễ xử lý (latency), thông lượng (throughput), khả năng chịu tải | F30: =VLOOKUP($L$4&"_"&$A30, Khung_KeHoach_Chuan!$A$11:$J$91, 7, FALSE) -> 2026-11-02 | G30: =VLOOKUP($L$4&"_"&$A30, Khung_KeHoach_Chuan!$A$11:$J$91, 8, FALSE) -> 2026-11-08 | H30: =VLOOKUP($L$4&"_"&$A30, Khung_KeHoach_Chuan!$A$11:$J$91, 9, FALSE) -> Báo cáo Performance & Scalability testing | I30: Chưa bắt đầu
... A42: 27 | B42: =VLOOKUP($L$4&"_"&$A42, Khung_KeHoach_Chuan!$A$11:$J$91, 4, FALSE) -> VI. ĐÓNG GÓI, BÁO CÁO & ĐÁNH GIÁ RUBRIC | C42: =VLOOKUP($L$4&"_"&$A42, Khung_KeHoach_Chuan!$A$11:$J$91, 5, FALSE) -> BÁO CÁO VỚI GVPB & NHẬP ĐIỂM RUBRIC | D42: =VLOOKUP($L$4&"_"&$A42, Khung_KeHoach_Chuan!$A$11:$J$91, 6, FALSE) -> Báo cáo trực tiếp với GVPB; GVPB và GVHD thống nhất điểm trên Rubric | F42: =VLOOKUP($L$4&"_"&$A42, Khung_KeHoach_Chuan!$A$11:$J$91, 7, FALSE) -> 2026-12-26 | G42: =VLOOKUP($L$4&"_"&$A42, Khung_KeHoach_Chuan!$A$11:$J$91, 8, FALSE) -> 2026-12-31 | H42: =VLOOKUP($L$4&"_"&$A42, Khung_KeHoach_Chuan!$A$11:$J$91, 9, FALSE) -> Hoàn thành bảo vệ & Điểm số Rubric chính thức | I42: Chưa bắt đầu
A43: KHỐI CÔNG VIỆC - LOẠI HÌNH THỨ 2 (CHỈ DÙNG NẾU NHÓM LÀM ĐỒNG THỜI 2 LOẠI HÌNH)
A44: STT | B44: Giai Đoạn | C44: Hạng Mục Công Việc | D44: Nội Dung Cần Thực Hiện / Gợi Ý | E44: Nội Dung Nhóm Tự Điền | F44: Bắt Đầu | G44: Hạn Hoàn Thành | H44: Kết Quả Đầu Ra Gợi Ý | I44: Trạng Thái (*) | J44: Người Phụ Trách / Ghi Chú & Link
A45: 1 | B45: =IFERROR(VLOOKUP($C$10&"_"&$A45, Khung_KeHoach_Chuan!$A$11:$J$91, 4, FALSE),"") | C45: =IFERROR(VLOOKUP($C$10&"_"&$A45, Khung_KeHoach_Chuan!$A$11:$J$91, 5, FALSE),"") | D45: =IFERROR(VLOOKUP($C$10&"_"&$A45, Khung_KeHoach_Chuan!$A$11:$J$91, 6, FALSE),"") | F45: =IFERROR(VLOOKUP($C$10&"_"&$A45, Khung_KeHoach_Chuan!$A$11:$J$91, 7, FALSE),"") | G45: =IFERROR(VLOOKUP($C$10&"_"&$A45, Khung_KeHoach_Chuan!$A$11:$J$91, 8, FALSE),"") | H45: =IFERROR(VLOOKUP($C$10&"_"&$A45, Khung_KeHoach_Chuan!$A$11:$J$91, 9, FALSE),"") | I45: Chưa bắt đầu
A46: 2 | B46: =IFERROR(VLOOKUP($C$10&"_"&$A46, Khung_KeHoach_Chuan!$A$11:$J$91, 4, FALSE),"") | C46: =IFERROR(VLOOKUP($C$10&"_"&$A46, Khung_KeHoach_Chuan!$A$11:$J$91, 5, FALSE),"") | D46: =IFERROR(VLOOKUP($C$10&"_"&$A46, Khung_KeHoach_Chuan!$A$11:$J$91, 6, FALSE),"") | F46: =IFERROR(VLOOKUP($C$10&"_"&$A46, Khung_KeHoach_Chuan!$A$11:$J$91, 7, FALSE),"") | G46: =IFERROR(VLOOKUP($C$10&"_"&$A46, Khung_KeHoach_Chuan!$A$11:$J$91, 8, FALSE),"") | H46: =IFERROR(VLOOKUP($C$10&"_"&$A46, Khung_KeHoach_Chuan!$A$11:$J$91, 9, FALSE),"") | I46: Chưa bắt đầu
A47: 3 | B47: =IFERROR(VLOOKUP($C$10&"_"&$A47, Khung_KeHoach_Chuan!$A$11:$J$91, 4, FALSE),"") | C47: =IFERROR(VLOOKUP($C$10&"_"&$A47, Khung_KeHoach_Chuan!$A$11:$J$91, 5, FALSE),"") | D47: =IFERROR(VLOOKUP($C$10&"_"&$A47, Khung_KeHoach_Chuan!$A$11:$J$91, 6, FALSE),"") | F47: =IFERROR(VLOOKUP($C$10&"_"&$A47, Khung_KeHoach_Chuan!$A$11:$J$91, 7, FALSE),"") | G47: =IFERROR(VLOOKUP($C$10&"_"&$A47, Khung_KeHoach_Chuan!$A$11:$J$91, 8, FALSE),"") | H47: =IFERROR(VLOOKUP($C$10&"_"&$A47, Khung_KeHoach_Chuan!$A$11:$J$91, 9, FALSE),"") | I47: Chưa bắt đầu
A48: 4 | B48: =IFERROR(VLOOKUP($C$10&"_"&$A48, Khung_KeHoach_Chuan!$A$11:$J$91, 4, FALSE),"") | C48: =IFERROR(VLOOKUP($C$10&"_"&$A48, Khung_KeHoach_Chuan!$A$11:$J$91, 5, FALSE),"") | D48: =IFERROR(VLOOKUP($C$10&"_"&$A48, Khung_KeHoach_Chuan!$A$11:$J$91, 6, FALSE),"") | F48: =IFERROR(VLOOKUP($C$10&"_"&$A48, Khung_KeHoach_Chuan!$A$11:$J$91, 7, FALSE),"") | G48: =IFERROR(VLOOKUP($C$10&"_"&$A48, Khung_KeHoach_Chuan!$A$11:$J$91, 8, FALSE),"") | H48: =IFERROR(VLOOKUP($C$10&"_"&$A48, Khung_KeHoach_Chuan!$A$11:$J$91, 9, FALSE),"") | I48: Chưa bắt đầu
A49: 5 | B49: =IFERROR(VLOOKUP($C$10&"_"&$A49, Khung_KeHoach_Chuan!$A$11:$J$91, 4, FALSE),"") | C49: =IFERROR(VLOOKUP($C$10&"_"&$A49, Khung_KeHoach_Chuan!$A$11:$J$91, 5, FALSE),"") | D49: =IFERROR(VLOOKUP($C$10&"_"&$A49, Khung_KeHoach_Chuan!$A$11:$J$91, 6, FALSE),"") | F49: =IFERROR(VLOOKUP($C$10&"_"&$A49, Khung_KeHoach_Chuan!$A$11:$J$91, 7, FALSE),"") | G49: =IFERROR(VLOOKUP($C$10&"_"&$A49, Khung_KeHoach_Chuan!$A$11:$J$91, 8, FALSE),"") | H49: =IFERROR(VLOOKUP($C$10&"_"&$A49, Khung_KeHoach_Chuan!$A$11:$J$91, 9, FALSE),"") | I49: Chưa bắt đầu
A50: 6 | B50: =IFERROR(VLOOKUP($C$10&"_"&$A50, Khung_KeHoach_Chuan!$A$11:$J$91, 4, FALSE),"") | C50: =IFERROR(VLOOKUP($C$10&"_"&$A50, Khung_KeHoach_Chuan!$A$11:$J$91, 5, FALSE),"") | D50: =IFERROR(VLOOKUP($C$10&"_"&$A50, Khung_KeHoach_Chuan!$A$11:$J$91, 6, FALSE),"") | F50: =IFERROR(VLOOKUP($C$10&"_"&$A50, Khung_KeHoach_Chuan!$A$11:$J$91, 7, FALSE),"") | G50: =IFERROR(VLOOKUP($C$10&"_"&$A50, Khung_KeHoach_Chuan!$A$11:$J$91, 8, FALSE),"") | H50: =IFERROR(VLOOKUP($C$10&"_"&$A50, Khung_KeHoach_Chuan!$A$11:$J$91, 9, FALSE),"") | I50: Chưa bắt đầu
A51: 7 | B51: =IFERROR(VLOOKUP($C$10&"_"&$A51, Khung_KeHoach_Chuan!$A$11:$J$91, 4, FALSE),"") | C51: =IFERROR(VLOOKUP($C$10&"_"&$A51, Khung_KeHoach_Chuan!$A$11:$J$91, 5, FALSE),"") | D51: =IFERROR(VLOOKUP($C$10&"_"&$A51, Khung_KeHoach_Chuan!$A$11:$J$91, 6, FALSE),"") | F51: =IFERROR(VLOOKUP($C$10&"_"&$A51, Khung_KeHoach_Chuan!$A$11:$J$91, 7, FALSE),"") | G51: =IFERROR(VLOOKUP($C$10&"_"&$A51, Khung_KeHoach_Chuan!$A$11:$J$91, 8, FALSE),"") | H51: =IFERROR(VLOOKUP($C$10&"_"&$A51, Khung_KeHoach_Chuan!$A$11:$J$91, 9, FALSE),"") | I51: Chưa bắt đầu
A52: 8 | B52: =IFERROR(VLOOKUP($C$10&"_"&$A52, Khung_KeHoach_Chuan!$A$11:$J$91, 4, FALSE),"") | C52: =IFERROR(VLOOKUP($C$10&"_"&$A52, Khung_KeHoach_Chuan!$A$11:$J$91, 5, FALSE),"") | D52: =IFERROR(VLOOKUP($C$10&"_"&$A52, Khung_KeHoach_Chuan!$A$11:$J$91, 6, FALSE),"") | F52: =IFERROR(VLOOKUP($C$10&"_"&$A52, Khung_KeHoach_Chuan!$A$11:$J$91, 7, FALSE),"") | G52: =IFERROR(VLOOKUP($C$10&"_"&$A52, Khung_KeHoach_Chuan!$A$11:$J$91, 8, FALSE),"") | H52: =IFERROR(VLOOKUP($C$10&"_"&$A52, Khung_KeHoach_Chuan!$A$11:$J$91, 9, FALSE),"") | I52: Chưa bắt đầu
A53: 9 | B53: =IFERROR(VLOOKUP($C$10&"_"&$A53, Khung_KeHoach_Chuan!$A$11:$J$91, 4, FALSE),"") | C53: =IFERROR(VLOOKUP($C$10&"_"&$A53, Khung_KeHoach_Chuan!$A$11:$J$91, 5, FALSE),"") | D53: =IFERROR(VLOOKUP($C$10&"_"&$A53, Khung_KeHoach_Chuan!$A$11:$J$91, 6, FALSE),"") | F53: =IFERROR(VLOOKUP($C$10&"_"&$A53, Khung_KeHoach_Chuan!$A$11:$J$91, 7, FALSE),"") | G53: =IFERROR(VLOOKUP($C$10&"_"&$A53, Khung_KeHoach_Chuan!$A$11:$J$91, 8, FALSE),"") | H53: =IFERROR(VLOOKUP($C$10&"_"&$A53, Khung_KeHoach_Chuan!$A$11:$J$91, 9, FALSE),"") | I53: Chưa bắt đầu
A54: 10 | B54: =IFERROR(VLOOKUP($C$10&"_"&$A54, Khung_KeHoach_Chuan!$A$11:$J$91, 4, FALSE),"") | C54: =IFERROR(VLOOKUP($C$10&"_"&$A54, Khung_KeHoach_Chuan!$A$11:$J$91, 5, FALSE),"") | D54: =IFERROR(VLOOKUP($C$10&"_"&$A54, Khung_KeHoach_Chuan!$A$11:$J$91, 6, FALSE),"") | F54: =IFERROR(VLOOKUP($C$10&"_"&$A54, Khung_KeHoach_Chuan!$A$11:$J$91, 7, FALSE),"") | G54: =IFERROR(VLOOKUP($C$10&"_"&$A54, Khung_KeHoach_Chuan!$A$11:$J$91, 8, FALSE),"") | H54: =IFERROR(VLOOKUP($C$10&"_"&$A54, Khung_KeHoach_Chuan!$A$11:$J$91, 9, FALSE),"") | I54: Chưa bắt đầu
A55: 11 | B55: =IFERROR(VLOOKUP($C$10&"_"&$A55, Khung_KeHoach_Chuan!$A$11:$J$91, 4, FALSE),"") | C55: =IFERROR(VLOOKUP($C$10&"_"&$A55, Khung_KeHoach_Chuan!$A$11:$J$91, 5, FALSE),"") | D55: =IFERROR(VLOOKUP($C$10&"_"&$A55, Khung_KeHoach_Chuan!$A$11:$J$91, 6, FALSE),"") | F55: =IFERROR(VLOOKUP($C$10&"_"&$A55, Khung_KeHoach_Chuan!$A$11:$J$91, 7, FALSE),"") | G55: =IFERROR(VLOOKUP($C$10&"_"&$A55, Khung_KeHoach_Chuan!$A$11:$J$91, 8, FALSE),"") | H55: =IFERROR(VLOOKUP($C$10&"_"&$A55, Khung_KeHoach_Chuan!$A$11:$J$91, 9, FALSE),"") | I55: Chưa bắt đầu
A56: 12 | B56: =IFERROR(VLOOKUP($C$10&"_"&$A56, Khung_KeHoach_Chuan!$A$11:$J$91, 4, FALSE),"") | C56: =IFERROR(VLOOKUP($C$10&"_"&$A56, Khung_KeHoach_Chuan!$A$11:$J$91, 5, FALSE),"") | D56: =IFERROR(VLOOKUP($C$10&"_"&$A56, Khung_KeHoach_Chuan!$A$11:$J$91, 6, FALSE),"") | F56: =IFERROR(VLOOKUP($C$10&"_"&$A56, Khung_KeHoach_Chuan!$A$11:$J$91, 7, FALSE),"") | G56: =IFERROR(VLOOKUP($C$10&"_"&$A56, Khung_KeHoach_Chuan!$A$11:$J$91, 8, FALSE),"") | H56: =IFERROR(VLOOKUP($C$10&"_"&$A56, Khung_KeHoach_Chuan!$A$11:$J$91, 9, FALSE),"") | I56: Chưa bắt đầu
... A71: 27 | B71: =IFERROR(VLOOKUP($C$10&"_"&$A71, Khung_KeHoach_Chuan!$A$11:$J$91, 4, FALSE),"") | C71: =IFERROR(VLOOKUP($C$10&"_"&$A71, Khung_KeHoach_Chuan!$A$11:$J$91, 5, FALSE),"") | D71: =IFERROR(VLOOKUP($C$10&"_"&$A71, Khung_KeHoach_Chuan!$A$11:$J$91, 6, FALSE),"") | F71: =IFERROR(VLOOKUP($C$10&"_"&$A71, Khung_KeHoach_Chuan!$A$11:$J$91, 7, FALSE),"") | G71: =IFERROR(VLOOKUP($C$10&"_"&$A71, Khung_KeHoach_Chuan!$A$11:$J$91, 8, FALSE),"") | H71: =IFERROR(VLOOKUP($C$10&"_"&$A71, Khung_KeHoach_Chuan!$A$11:$J$91, 9, FALSE),"") | I71: Chưa bắt đầu

Sheet Nhom_03
A1: BẢNG THEO DÕI TIẾN ĐỘ THỰC HIỆN ĐỀ TÀI - NHÓM 03
A2: Khoa Công nghệ Thông tin - Trường ĐH Tôn Đức Thắng | Học kỳ 1 / Năm học 2026 - 2027
A4: Loại hình đề tài (*): | C4: Dự án CNTT | F4: GV Hướng dẫn: | G4: ThS. Lê Viết Thanh | L4: =IF(OR($C$4="Dự án + Đồ án",$C$4="Dự án + Khóa luận"),"Dự án CNTT",$C$4) -> Dự án CNTT
A5: Tên đề tài / dự án: | C5: QUẢN LÝ MẠNG DOANH NGHIỆP TRÊN NỀN TẢNG CLOUD SỬ DỤNG SDN
A6: Sinh viên 1 (Trưởng nhóm): | C6: Đỗ Tài Khải Nguyên - 52300230 | F6: Sinh viên 2: | G6: Nguyễn Văn An - 52300172
A7: Email / SĐT SV 1: | C7: 52300230Âstudent.tdtu.edu.vn | F7: Email / SĐT SV 2: | G7: 52300172@student.tdtu.edu.vn
A8: Ngày bắt đầu: | C8: =VLOOKUP($L$4, Khung_KeHoach_Chuan!$A$5:$H$7, 2, FALSE) -> 2026-08-24 | F8: Báo cáo sạch hoàn tất: | G8: =VLOOKUP($L$4, Khung_KeHoach_Chuan!$A$5:$H$7, 4, FALSE) -> 2026-11-20
A9: Deadline chính thức: | C9: =VLOOKUP($L$4, Khung_KeHoach_Chuan!$A$5:$H$7, 5, FALSE) -> 2026-12-04 | F9: Lịch Phản biện / Bảo vệ: | G9: =VLOOKUP($L$4, Khung_KeHoach_Chuan!$A$5:$H$7, 7, FALSE) -> 26/12/2026 – 31/12/2026
A10: Loại hình thứ 2 (nếu có):
A11: TỔNG QUAN TIẾN ĐỘ THỰC HIỆN CỦA NHÓM
A12: Tổng Hạng Mục | B12: Hoàn Thành | C12: Đang Làm | D12: Chưa Bắt Đầu | F12: Tạm Hoãn | G12: Báo Cáo Sạch | H12: Tỷ Lệ Hoàn Thành | I12: Trạng Thái Chung
A13: =COUNTA(C16:C42) + IF($C$10<>"", COUNTA(C45:C71), 0) -> 27 | B13: =COUNTIF(I16:I42, "Hoàn thành") + IF($C$10<>"", COUNTIF(I45:I71, "Hoàn thành"), 0) -> 8 | C13: =COUNTIF(I16:I42, "Đang thực hiện") + IF($C$10<>"", COUNTIF(I45:I71, "Đang thực hiện"), 0) -> 1 | D13: =COUNTIF(I16:I42, "Chưa bắt đầu") + IF($C$10<>"", COUNTIF(I45:I71, "Chưa bắt đầu"), 0) -> 18 | F13: =COUNTIF(I16:I42, "Tạm hoãn - Bị chặn") + IF($C$10<>"", COUNTIF(I45:I71, "Tạm hoãn - Bị chặn"), 0) -> 0 | G13: =G8 -> 2026-11-20 | H13: =B13/A13 -> 0.2962963 | I13: =IF(H13=1, "ĐÃ HOÀN TẤT", IF(H13>=0.5, "ĐANG ĐÚNG HẠN", IF(F13>0, "CẦN HỖ TRỢ", "ĐANG THỰC HIỆN"))) -> ĐANG THỰC HIỆN
A15: STT | B15: Giai Đoạn | C15: Hạng Mục Công Việc | D15: Nội Dung Cần Thực Hiện / Gợi Ý | E15: Nội Dung Nhóm Tự Điền | F15: Bắt Đầu | G15: Hạn Hoàn Thành | H15: Kết Quả Đầu Ra Gợi Ý | I15: Trạng Thái (*) | J15: Người Phụ Trách / Ghi Chú & Link
A16: 1 | B16: =VLOOKUP($L$4&"_"&$A16, Khung_KeHoach_Chuan!$A$11:$J$91, 4, FALSE) -> I. ĐỊNH HƯỚNG & PHƯƠNG PHÁP LUẬN | C16: Xác định bài toán mạng & mục tiêu | D16: Đã xác định bài toán quản lý mạng doanh nghiệp tập trung, kết hợp SDN cho mạng LAN và SD-WAN cho kết nối giữa HQ/Branch; xác định phạm vi mô phỏng trên Mininet. | F16: =VLOOKUP($L$4&"_"&$A16, Khung_KeHoach_Chuan!$A$11:$J$91, 7, FALSE) -> 2026-08-24 | G16: =VLOOKUP($L$4&"_"&$A16, Khung_KeHoach_Chuan!$A$11:$J$91, 8, FALSE) -> 2026-08-28 | H16: Xác định bài toán, mục tiêu và phạm vi của đề tài. | I16: Hoàn thành
A17: 2 | B17: =VLOOKUP($L$4&"_"&$A17, Khung_KeHoach_Chuan!$A$11:$J$91, 4, FALSE) -> I. ĐỊNH HƯỚNG & PHƯƠNG PHÁP LUẬN | C17: Khảo sát kiến trúc SDN/SD-WAN | D17: Đã nghiên cứu kiến trúc SDN, SD-WAN, OpenFlow, VLAN, Underlay/Overlay và cơ chế Controller quản lý tập trung thiết bị mạng. | F17: =VLOOKUP($L$4&"_"&$A17, Khung_KeHoach_Chuan!$A$11:$J$91, 7, FALSE) -> 2026-08-24 | G17: =VLOOKUP($L$4&"_"&$A17, Khung_KeHoach_Chuan!$A$11:$J$91, 8, FALSE) -> 2026-09-02 | H17: Tài liệu tổng hợp kiến thức về SDN, SD-WAN, OpenFlow, VLAN và các công nghệ liên quan. | I17: Hoàn thành
A18: 3 | B18: =VLOOKUP($L$4&"_"&$A18, Khung_KeHoach_Chuan!$A$11:$J$91, 4, FALSE) -> I. ĐỊNH HƯỚNG & PHƯƠNG PHÁP LUẬN | C18: Chọn Controller, công cụ mô phỏng | D18: Đã lựa chọn ONOS Controller, Mininet, Open vSwitch và FRR; xây dựng kiến trúc gồm HQ, Branch, Internet/MPLS và các thành phần SDN/SD-WAN. | F18: =VLOOKUP($L$4&"_"&$A18, Khung_KeHoach_Chuan!$A$11:$J$91, 7, FALSE) -> 2026-08-28 | G18: =VLOOKUP($L$4&"_"&$A18, Khung_KeHoach_Chuan!$A$11:$J$91, 8, FALSE) -> 2026-09-05 | H18: Danh sách công nghệ được lựa chọn: ONOS, Open vSwitch, Mininet, FRR và các công cụ hỗ trợ. | I18: Hoàn thành
A19: 4 | B19: =VLOOKUP($L$4&"_"&$A19, Khung_KeHoach_Chuan!$A$11:$J$91, 4, FALSE) -> I. ĐỊNH HƯỚNG & PHƯƠNG PHÁP LUẬN | C19: Lập kế hoạch, phân công & quản trị rủi ro | D19: Phân chia công việc theo các phần topology, controller, cấu hình mạng và kiểm thử; xác định các rủi ro liên quan đến kết nối ONOS–OVS, routing và VLAN | F19: =VLOOKUP($L$4&"_"&$A19, Khung_KeHoach_Chuan!$A$11:$J$91, 7, FALSE) -> 2026-08-30 | G19: =VLOOKUP($L$4&"_"&$A19, Khung_KeHoach_Chuan!$A$11:$J$91, 8, FALSE) -> 2026-09-05 | H19: Kế hoạch thực hiện, phân công công việc và tiến độ dự án. | I19: Hoàn thành
A20: 5 | B20: =VLOOKUP($L$4&"_"&$A20, Khung_KeHoach_Chuan!$A$11:$J$91, 4, FALSE) -> II. THIẾT KẾ & CHUẨN BỊ | C20: Thiết kế topology mạng & luồng điều khiển | D20: Đã xây dựng topology mạng doanh nghiệp HQ/Branch, các VLAN, Underlay và SD-WAN; mô hình hóa topology trên Mininet. | F20: =VLOOKUP($L$4&"_"&$A20, Khung_KeHoach_Chuan!$A$11:$J$91, 7, FALSE) -> 2026-09-06 | G20: =VLOOKUP($L$4&"_"&$A20, Khung_KeHoach_Chuan!$A$11:$J$91, 8, FALSE) -> 2026-09-12 | H20: Sơ đồ topology mạng HQ/Branch và thiết kế kết nối giữa các thành phần. | I20: Hoàn thành
A21: 6 | B21: =VLOOKUP($L$4&"_"&$A21, Khung_KeHoach_Chuan!$A$11:$J$91, 4, FALSE) -> II. THIẾT KẾ & CHUẨN BỊ | C21: Chuẩn bị testbed, controller & công cụ | D21: Đã chuẩn bị môi trường Mininet, Open vSwitch và ONOS; xây dựng topology và kiểm tra kết nối giữa các switch với Controller. | F21: =VLOOKUP($L$4&"_"&$A21, Khung_KeHoach_Chuan!$A$11:$J$91, 7, FALSE) -> 2026-09-06 | G21: =VLOOKUP($L$4&"_"&$A21, Khung_KeHoach_Chuan!$A$11:$J$91, 8, FALSE) -> 2026-09-12 | H21: Môi trường Mininet, Open vSwitch và ONOS được cài đặt và cấu hình phục vụ mô phỏng. | I21: Hoàn thành
A22: 7 | B22: =VLOOKUP($L$4&"_"&$A22, Khung_KeHoach_Chuan!$A$11:$J$91, 4, FALSE) -> II. THIẾT KẾ & CHUẨN BỊ | C22: Xây dựng kế hoạch kiểm thử | D22: Đã xây dựng các kịch bản kiểm thử kết nối, VLAN, routing, flow rule, latency, throughput và packet loss. | F22: =VLOOKUP($L$4&"_"&$A22, Khung_KeHoach_Chuan!$A$11:$J$91, 7, FALSE) -> 2026-09-13 | G22: =VLOOKUP($L$4&"_"&$A22, Khung_KeHoach_Chuan!$A$11:$J$91, 8, FALSE) -> 2026-09-19 | H22: Bộ kịch bản kiểm thử và các tiêu chí đánh giá hệ thống. | I22: Hoàn thành
A23: 8 | B23: =VLOOKUP($L$4&"_"&$A23, Khung_KeHoach_Chuan!$A$11:$J$91, 4, FALSE) -> II. THIẾT KẾ & CHUẨN BỊ | C23: Proof of Concept điều khiển routing | D23: Đang kiểm tra khả năng điều khiển switch và luồng dữ liệu thông qua ONOS trên topology Mininet. | F23: =VLOOKUP($L$4&"_"&$A23, Khung_KeHoach_Chuan!$A$11:$J$91, 7, FALSE) -> 2026-09-13 | G23: =VLOOKUP($L$4&"_"&$A23, Khung_KeHoach_Chuan!$A$11:$J$91, 8, FALSE) -> 2026-09-19 | H23: Mô hình PoC điều khiển switch và flow cơ bản thông qua ONOS. | I23: Hoàn thành
A24: 9 | B24: =VLOOKUP($L$4&"_"&$A24, Khung_KeHoach_Chuan!$A$11:$J$91, 4, FALSE) -> III. TRIỂN KHAI / THỰC NGHIỆM | C24: Xây dựng phiên bản MVP | D24: Triển khai phiên bản đầu của hệ thống quản lý mạng trên môi trường Windows, xây dựng và kiểm tra các thành phần chức năng chính của hệ thống. | F24: =VLOOKUP($L$4&"_"&$A24, Khung_KeHoach_Chuan!$A$11:$J$91, 7, FALSE) -> 2026-09-20 | G24: =VLOOKUP($L$4&"_"&$A24, Khung_KeHoach_Chuan!$A$11:$J$91, 8, FALSE) -> 2026-09-26 | H24: Phiên bản MVP của hệ thống được triển khai trên môi trường Windows. | I24: Đang thực hiện
A25: 10 | B25: =VLOOKUP($L$4&"_"&$A25, Khung_KeHoach_Chuan!$A$11:$J$91, 4, FALSE) -> III. TRIỂN KHAI / THỰC NGHIỆM | C25: =VLOOKUP($L$4&"_"&$A25, Khung_KeHoach_Chuan!$A$11:$J$91, 5, FALSE) -> NỘP BÁO CÁO TIẾN ĐỘ GIỮA KỲ (MỐC KHOA) | D25: Tổng hợp kết quả từ quá trình thiết kế, mô phỏng trên Mininet và triển khai bước đầu trên môi trường Windows. | F25: =VLOOKUP($L$4&"_"&$A25, Khung_KeHoach_Chuan!$A$11:$J$91, 7, FALSE) -> 2026-09-20 | G25: =VLOOKUP($L$4&"_"&$A25, Khung_KeHoach_Chuan!$A$11:$J$91, 8, FALSE) -> 2026-10-04 | H25: =VLOOKUP($L$4&"_"&$A25, Khung_KeHoach_Chuan!$A$11:$J$91, 9, FALSE) -> Phiếu theo dõi có chữ ký GVHD + Báo cáo giữa kỳ ELIT | I25: Chưa bắt đầu
A26: 11 | B26: =VLOOKUP($L$4&"_"&$A26, Khung_KeHoach_Chuan!$A$11:$J$91, 4, FALSE) -> III. TRIỂN KHAI / THỰC NGHIỆM | C26: =VLOOKUP($L$4&"_"&$A26, Khung_KeHoach_Chuan!$A$11:$J$91, 5, FALSE) -> Phát triển hoàn thiện module định tuyến & chính sách điều khiển | D26: Hoàn thiện các chức năng điều khiển mạng, quản lý luồng và chính sách định tuyến; kiểm tra khả năng tương tác giữa hệ thống quản lý và các thành phần mạng. | F26: =VLOOKUP($L$4&"_"&$A26, Khung_KeHoach_Chuan!$A$11:$J$91, 7, FALSE) -> 2026-10-05 | G26: =VLOOKUP($L$4&"_"&$A26, Khung_KeHoach_Chuan!$A$11:$J$91, 8, FALSE) -> 2026-10-18 | H26: Các chức năng điều khiển mạng, quản lý flow và chính sách định tuyến được hoàn thiện. | I26: Chưa bắt đầu
A27: 12 | B27: =VLOOKUP($L$4&"_"&$A27, Khung_KeHoach_Chuan!$A$11:$J$91, 4, FALSE) -> III. TRIỂN KHAI / THỰC NGHIỆM | C27: =VLOOKUP($L$4&"_"&$A27, Khung_KeHoach_Chuan!$A$11:$J$91, 5, FALSE) -> Tích hợp toàn bộ hệ thống & đồng bộ cấu hình mạng | D27: Tích hợp các thành phần của hệ thống trên Windows, hoàn thiện kết nối giữa giao diện quản lý, Controller và các thành phần mạng; kiểm tra khả năng đồng bộ cấu hình. | F27: =VLOOKUP($L$4&"_"&$A27, Khung_KeHoach_Chuan!$A$11:$J$91, 7, FALSE) -> 2026-10-19 | G27: =VLOOKUP($L$4&"_"&$A27, Khung_KeHoach_Chuan!$A$11:$J$91, 8, FALSE) -> 2026-10-25 | H27: Các thành phần hệ thống được tích hợp và hoạt động đồng bộ trên môi trường Windows. | I27: Chưa bắt đầu
A28: 13 | B28: =VLOOKUP($L$4&"_"&$A28, Khung_KeHoach_Chuan!$A$11:$J$91, 4, FALSE) -> III. TRIỂN KHAI / THỰC NGHIỆM | C28: =VLOOKUP($L$4&"_"&$A28, Khung_KeHoach_Chuan!$A$11:$J$91, 5, FALSE) -> Duy trì Technical Log, Commit history & Bằng chứng | D28: Ghi nhận quá trình triển khai trên Windows, lưu lại cấu hình, mã nguồn, hình ảnh giao diện, kết quả kiểm thử và các lỗi phát sinh trong quá trình thực nghiệm. | F28: =VLOOKUP($L$4&"_"&$A28, Khung_KeHoach_Chuan!$A$11:$J$91, 7, FALSE) -> 2026-09-20 | G28: =VLOOKUP($L$4&"_"&$A28, Khung_KeHoach_Chuan!$A$11:$J$91, 8, FALSE) -> 2026-10-31 | H28: Technical Log, mã nguồn, cấu hình và hình ảnh minh chứng quá trình triển khai được lưu trữ. | I28: Chưa bắt đầu
A29: 14 | B29: =VLOOKUP($L$4&"_"&$A29, Khung_KeHoach_Chuan!$A$11:$J$91, 4, FALSE) -> IV. KIỂM THỬ & ĐÁNH GIÁ | C29: =VLOOKUP($L$4&"_"&$A29, Khung_KeHoach_Chuan!$A$11:$J$91, 5, FALSE) -> Thực thi kiểm thử chức năng hệ thống SDN/SD-WAN | D29: =VLOOKUP($L$4&"_"&$A29, Khung_KeHoach_Chuan!$A$11:$J$91, 6, FALSE) -> Kiểm tra định tuyến, failover, chính sách QoS, khả năng phản hồi controller | F29: =VLOOKUP($L$4&"_"&$A29, Khung_KeHoach_Chuan!$A$11:$J$91, 7, FALSE) -> 2026-10-26 | G29: =VLOOKUP($L$4&"_"&$A29, Khung_KeHoach_Chuan!$A$11:$J$91, 8, FALSE) -> 2026-11-01 | H29: =VLOOKUP($L$4&"_"&$A29, Khung_KeHoach_Chuan!$A$11:$J$91, 9, FALSE) -> Bảng kết quả test chi tiết + Danh sách lỗi đã xử lý | I29: Chưa bắt đầu
A30: 15 | B30: =VLOOKUP($L$4&"_"&$A30, Khung_KeHoach_Chuan!$A$11:$J$91, 4, FALSE) -> IV. KIỂM THỬ & ĐÁNH GIÁ | C30: =VLOOKUP($L$4&"_"&$A30, Khung_KeHoach_Chuan!$A$11:$J$91, 5, FALSE) -> Kiểm thử hiệu năng, độ trễ & khả năng mở rộng hệ thống | D30: =VLOOKUP($L$4&"_"&$A30, Khung_KeHoach_Chuan!$A$11:$J$91, 6, FALSE) -> Đo độ trễ xử lý (latency), thông lượng (throughput), khả năng chịu tải | F30: =VLOOKUP($L$4&"_"&$A30, Khung_KeHoach_Chuan!$A$11:$J$91, 7, FALSE) -> 2026-11-02 | G30: =VLOOKUP($L$4&"_"&$A30, Khung_KeHoach_Chuan!$A$11:$J$91, 8, FALSE) -> 2026-11-08 | H30: =VLOOKUP($L$4&"_"&$A30, Khung_KeHoach_Chuan!$A$11:$J$91, 9, FALSE) -> Báo cáo Performance & Scalability testing | I30: Chưa bắt đầu
A31: 16 | B31: =VLOOKUP($L$4&"_"&$A31, Khung_KeHoach_Chuan!$A$11:$J$91, 4, FALSE) -> IV. KIỂM THỬ & ĐÁNH GIÁ | C31: =VLOOKUP($L$4&"_"&$A31, Khung_KeHoach_Chuan!$A$11:$J$91, 5, FALSE) -> Tổng hợp số liệu thực nghiệm & biểu đồ đánh giá hệ thống | D31: =VLOOKUP($L$4&"_"&$A31, Khung_KeHoach_Chuan!$A$11:$J$91, 6, FALSE) -> Độ trễ định tuyến, thông lượng, tỷ lệ mất gói, so sánh trước/sau khi áp dụng SDN | F31: =VLOOKUP($L$4&"_"&$A31, Khung_KeHoach_Chuan!$A$11:$J$91, 7, FALSE) -> 2026-11-09 | G31: =VLOOKUP($L$4&"_"&$A31, Khung_KeHoach_Chuan!$A$11:$J$91, 8, FALSE) -> 2026-11-15 | H31: =VLOOKUP($L$4&"_"&$A31, Khung_KeHoach_Chuan!$A$11:$J$91, 9, FALSE) -> Bộ biểu đồ kết quả + Bảng so sánh hiệu quả mạng truyền thống và SDN | I31: Chưa bắt đầu
A32: 17 | B32: =VLOOKUP($L$4&"_"&$A32, Khung_KeHoach_Chuan!$A$11:$J$91, 4, FALSE) -> IV. KIỂM THỬ & ĐÁNH GIÁ | C32: =VLOOKUP($L$4&"_"&$A32, Khung_KeHoach_Chuan!$A$11:$J$91, 5, FALSE) -> Đánh giá đạt mục tiêu & ghi nhận hạn chế | D32: =VLOOKUP($L$4&"_"&$A32, Khung_KeHoach_Chuan!$A$11:$J$91, 6, FALSE) -> Đối chiếu mục tiêu ban đầu, chỉ ra hạn chế & đề xuất hướng cải tiến | F32: =VLOOKUP($L$4&"_"&$A32, Khung_KeHoach_Chuan!$A$11:$J$91, 7, FALSE) -> 2026-11-12 | G32: =VLOOKUP($L$4&"_"&$A32, Khung_KeHoach_Chuan!$A$11:$J$91, 8, FALSE) -> 2026-11-18 | H32: =VLOOKUP($L$4&"_"&$A32, Khung_KeHoach_Chuan!$A$11:$J$91, 9, FALSE) -> Bảng đối chiếu mục tiêu - kết quả đạt được | I32: Chưa bắt đầu
A33: 18 | B33: =VLOOKUP($L$4&"_"&$A33, Khung_KeHoach_Chuan!$A$11:$J$91, 4, FALSE) -> V. VIẾT & HOÀN THIỆN BÁO CÁO | C33: =VLOOKUP($L$4&"_"&$A33, Khung_KeHoach_Chuan!$A$11:$J$91, 5, FALSE) -> Xây dựng dàn ý & viết chương mở đầu, cơ sở lý thuyết | D33: =VLOOKUP($L$4&"_"&$A33, Khung_KeHoach_Chuan!$A$11:$J$91, 6, FALSE) -> Tổng quan SDN/SD-WAN, cơ sở lý thuyết định tuyến/điều khiển mạng, phát biểu bài toán | F33: =VLOOKUP($L$4&"_"&$A33, Khung_KeHoach_Chuan!$A$11:$J$91, 7, FALSE) -> 2026-10-26 | G33: =VLOOKUP($L$4&"_"&$A33, Khung_KeHoach_Chuan!$A$11:$J$91, 8, FALSE) -> 2026-11-08 | H33: =VLOOKUP($L$4&"_"&$A33, Khung_KeHoach_Chuan!$A$11:$J$91, 9, FALSE) -> Bản thảo Chương 1, 2, 3 hoàn chỉnh | I33: Chưa bắt đầu
A34: 19 | B34: =VLOOKUP($L$4&"_"&$A34, Khung_KeHoach_Chuan!$A$11:$J$91, 4, FALSE) -> V. VIẾT & HOÀN THIỆN BÁO CÁO | C34: =VLOOKUP($L$4&"_"&$A34, Khung_KeHoach_Chuan!$A$11:$J$91, 5, FALSE) -> Viết chương thiết kế hệ thống, triển khai & kết quả thực nghiệm | D34: =VLOOKUP($L$4&"_"&$A34, Khung_KeHoach_Chuan!$A$11:$J$91, 6, FALSE) -> Kiến trúc mạng, luồng điều khiển, kết quả thực nghiệm, biểu đồ minh họa | F34: =VLOOKUP($L$4&"_"&$A34, Khung_KeHoach_Chuan!$A$11:$J$91, 7, FALSE) -> 2026-11-09 | G34: =VLOOKUP($L$4&"_"&$A34, Khung_KeHoach_Chuan!$A$11:$J$91, 8, FALSE) -> 2026-11-18 | H34: =VLOOKUP($L$4&"_"&$A34, Khung_KeHoach_Chuan!$A$11:$J$91, 9, FALSE) -> Bản thảo Chương 4, 5 đầy đủ sơ đồ và số liệu | I34: Chưa bắt đầu
A35: 20 | B35: =VLOOKUP($L$4&"_"&$A35, Khung_KeHoach_Chuan!$A$11:$J$91, 4, FALSE) -> V. VIẾT & HOÀN THIỆN BÁO CÁO | C35: =VLOOKUP($L$4&"_"&$A35, Khung_KeHoach_Chuan!$A$11:$J$91, 5, FALSE) -> Hoàn thiện bản thảo toàn văn (Draft 100%) | D35: =VLOOKUP($L$4&"_"&$A35, Khung_KeHoach_Chuan!$A$11:$J$91, 6, FALSE) -> Ghép nối toàn bộ nội dung, rà soát nhất quán thuật ngữ SDN/SD-WAN | F35: =VLOOKUP($L$4&"_"&$A35, Khung_KeHoach_Chuan!$A$11:$J$91, 7, FALSE) -> 2026-11-16 | G35: =VLOOKUP($L$4&"_"&$A35, Khung_KeHoach_Chuan!$A$11:$J$91, 8, FALSE) -> 2026-11-20 | H35: =VLOOKUP($L$4&"_"&$A35, Khung_KeHoach_Chuan!$A$11:$J$91, 9, FALSE) -> Bản thảo báo cáo toàn văn 100% | I35: Chưa bắt đầu
A36: 21 | B36: =VLOOKUP($L$4&"_"&$A36, Khung_KeHoach_Chuan!$A$11:$J$91, 4, FALSE) -> V. VIẾT & HOÀN THIỆN BÁO CÁO | C36: =VLOOKUP($L$4&"_"&$A36, Khung_KeHoach_Chuan!$A$11:$J$91, 5, FALSE) -> Review chéo, xin ý kiến GVHD & chỉnh sửa hoàn thiện | D36: =VLOOKUP($L$4&"_"&$A36, Khung_KeHoach_Chuan!$A$11:$J$91, 6, FALSE) -> GVHD góp ý tính đúng đắn kỹ thuật mạng, chỉnh sửa văn phong | F36: =VLOOKUP($L$4&"_"&$A36, Khung_KeHoach_Chuan!$A$11:$J$91, 7, FALSE) -> 2026-11-18 | G36: =VLOOKUP($L$4&"_"&$A36, Khung_KeHoach_Chuan!$A$11:$J$91, 8, FALSE) -> 2026-11-20 | H36: =VLOOKUP($L$4&"_"&$A36, Khung_KeHoach_Chuan!$A$11:$J$91, 9, FALSE) -> Biên bản phản hồi góp ý + Bản sửa lần cuối | I36: Chưa bắt đầu
A37: 22 | B37: =VLOOKUP($L$4&"_"&$A37, Khung_KeHoach_Chuan!$A$11:$J$91, 4, FALSE) -> V. VIẾT & HOÀN THIỆN BÁO CÁO | C37: =VLOOKUP($L$4&"_"&$A37, Khung_KeHoach_Chuan!$A$11:$J$91, 5, FALSE) -> CHỐT BÁO CÁO SẠCH (FINAL REPORT) | D37: =VLOOKUP($L$4&"_"&$A37, Khung_KeHoach_Chuan!$A$11:$J$91, 6, FALSE) -> Khóa nội dung, kiểm tra định dạng chuẩn TDTU, xuất PDF hoàn chỉnh | F37: =VLOOKUP($L$4&"_"&$A37, Khung_KeHoach_Chuan!$A$11:$J$91, 7, FALSE) -> 2026-11-20 | G37: =VLOOKUP($L$4&"_"&$A37, Khung_KeHoach_Chuan!$A$11:$J$91, 8, FALSE) -> 2026-11-20 | H37: =VLOOKUP($L$4&"_"&$A37, Khung_KeHoach_Chuan!$A$11:$J$91, 9, FALSE) -> BÁO CÁO SẠCH FINAL READY TO SUBMIT | I37: Chưa bắt đầu
A38: 23 | B38: =VLOOKUP($L$4&"_"&$A38, Khung_KeHoach_Chuan!$A$11:$J$91, 4, FALSE) -> VI. ĐÓNG GÓI, BÁO CÁO & ĐÁNH GIÁ RUBRIC | C38: =VLOOKUP($L$4&"_"&$A38, Khung_KeHoach_Chuan!$A$11:$J$91, 5, FALSE) -> NỘP BÁO CÁO CUỐI KỲ (TURNITIN + ELIT) | D38: =VLOOKUP($L$4&"_"&$A38, Khung_KeHoach_Chuan!$A$11:$J$91, 6, FALSE) -> Nộp file check đạo văn Turnitin + nộp hệ thống ELIT theo quy định Khoa | F38: =VLOOKUP($L$4&"_"&$A38, Khung_KeHoach_Chuan!$A$11:$J$91, 7, FALSE) -> 2026-11-24 | G38: =VLOOKUP($L$4&"_"&$A38, Khung_KeHoach_Chuan!$A$11:$J$91, 8, FALSE) -> 2026-12-04 | H38: =VLOOKUP($L$4&"_"&$A38, Khung_KeHoach_Chuan!$A$11:$J$91, 9, FALSE) -> Xác nhận nộp bài thành công trên ELIT & Turnitin | I38: Chưa bắt đầu
A39: 24 | B39: =VLOOKUP($L$4&"_"&$A39, Khung_KeHoach_Chuan!$A$11:$J$91, 4, FALSE) -> VI. ĐÓNG GÓI, BÁO CÁO & ĐÁNH GIÁ RUBRIC | C39: =VLOOKUP($L$4&"_"&$A39, Khung_KeHoach_Chuan!$A$11:$J$91, 5, FALSE) -> Đóng gói mã nguồn, Demo package, Slide thuyết trình | D39: =VLOOKUP($L$4&"_"&$A39, Khung_KeHoach_Chuan!$A$11:$J$91, 6, FALSE) -> Video demo hệ thống SDN/SD-WAN vận hành thực tế, source code sạch, slide | F39: =VLOOKUP($L$4&"_"&$A39, Khung_KeHoach_Chuan!$A$11:$J$91, 7, FALSE) -> 2026-12-05 | G39: =VLOOKUP($L$4&"_"&$A39, Khung_KeHoach_Chuan!$A$11:$J$91, 8, FALSE) -> 2026-12-15 | H39: =VLOOKUP($L$4&"_"&$A39, Khung_KeHoach_Chuan!$A$11:$J$91, 9, FALSE) -> Slide báo cáo + Source code package sạch | I39: Chưa bắt đầu
A40: 25 | B40: =VLOOKUP($L$4&"_"&$A40, Khung_KeHoach_Chuan!$A$11:$J$91, 4, FALSE) -> VI. ĐÓNG GÓI, BÁO CÁO & ĐÁNH GIÁ RUBRIC | C40: =VLOOKUP($L$4&"_"&$A40, Khung_KeHoach_Chuan!$A$11:$J$91, 5, FALSE) -> GVHD xác nhận duyệt cho sinh viên ra phản biện | D40: =VLOOKUP($L$4&"_"&$A40, Khung_KeHoach_Chuan!$A$11:$J$91, 6, FALSE) -> ThS. Lê Viết Thanh xác nhận duyệt đủ điều kiện báo cáo với GVPB | F40: =VLOOKUP($L$4&"_"&$A40, Khung_KeHoach_Chuan!$A$11:$J$91, 7, FALSE) -> 2026-11-29 | G40: =VLOOKUP($L$4&"_"&$A40, Khung_KeHoach_Chuan!$A$11:$J$91, 8, FALSE) -> 2026-12-04 | H40: =VLOOKUP($L$4&"_"&$A40, Khung_KeHoach_Chuan!$A$11:$J$91, 9, FALSE) -> Xác nhận của GVHD trên hệ thống | I40: Chưa bắt đầu
... A42: 27 | B42: =VLOOKUP($L$4&"_"&$A42, Khung_KeHoach_Chuan!$A$11:$J$91, 4, FALSE) -> VI. ĐÓNG GÓI, BÁO CÁO & ĐÁNH GIÁ RUBRIC | C42: =VLOOKUP($L$4&"_"&$A42, Khung_KeHoach_Chuan!$A$11:$J$91, 5, FALSE) -> BÁO CÁO VỚI GVPB & NHẬP ĐIỂM RUBRIC | D42: =VLOOKUP($L$4&"_"&$A42, Khung_KeHoach_Chuan!$A$11:$J$91, 6, FALSE) -> Báo cáo trực tiếp với GVPB; GVPB và GVHD thống nhất điểm trên Rubric | F42: =VLOOKUP($L$4&"_"&$A42, Khung_KeHoach_Chuan!$A$11:$J$91, 7, FALSE) -> 2026-12-26 | G42: =VLOOKUP($L$4&"_"&$A42, Khung_KeHoach_Chuan!$A$11:$J$91, 8, FALSE) -> 2026-12-31 | H42: =VLOOKUP($L$4&"_"&$A42, Khung_KeHoach_Chuan!$A$11:$J$91, 9, FALSE) -> Hoàn thành bảo vệ & Điểm số Rubric chính thức | I42: Chưa bắt đầu
A43: KHỐI CÔNG VIỆC - LOẠI HÌNH THỨ 2 (CHỈ DÙNG NẾU NHÓM LÀM ĐỒNG THỜI 2 LOẠI HÌNH)
A44: STT | B44: Giai Đoạn | C44: Hạng Mục Công Việc | D44: Nội Dung Cần Thực Hiện / Gợi Ý | E44: Nội Dung Nhóm Tự Điền | F44: Bắt Đầu | G44: Hạn Hoàn Thành | H44: Kết Quả Đầu Ra Gợi Ý | I44: Trạng Thái (*) | J44: Người Phụ Trách / Ghi Chú & Link
A45: 1 | B45: =IFERROR(VLOOKUP($C$10&"_"&$A45, Khung_KeHoach_Chuan!$A$11:$J$91, 4, FALSE),"") | C45: =IFERROR(VLOOKUP($C$10&"_"&$A45, Khung_KeHoach_Chuan!$A$11:$J$91, 5, FALSE),"") | D45: =IFERROR(VLOOKUP($C$10&"_"&$A45, Khung_KeHoach_Chuan!$A$11:$J$91, 6, FALSE),"") | F45: =IFERROR(VLOOKUP($C$10&"_"&$A45, Khung_KeHoach_Chuan!$A$11:$J$91, 7, FALSE),"") | G45: =IFERROR(VLOOKUP($C$10&"_"&$A45, Khung_KeHoach_Chuan!$A$11:$J$91, 8, FALSE),"") | H45: =IFERROR(VLOOKUP($C$10&"_"&$A45, Khung_KeHoach_Chuan!$A$11:$J$91, 9, FALSE),"") | I45: Chưa bắt đầu
A46: 2 | B46: =IFERROR(VLOOKUP($C$10&"_"&$A46, Khung_KeHoach_Chuan!$A$11:$J$91, 4, FALSE),"") | C46: =IFERROR(VLOOKUP($C$10&"_"&$A46, Khung_KeHoach_Chuan!$A$11:$J$91, 5, FALSE),"") | D46: =IFERROR(VLOOKUP($C$10&"_"&$A46, Khung_KeHoach_Chuan!$A$11:$J$91, 6, FALSE),"") | F46: =IFERROR(VLOOKUP($C$10&"_"&$A46, Khung_KeHoach_Chuan!$A$11:$J$91, 7, FALSE),"") | G46: =IFERROR(VLOOKUP($C$10&"_"&$A46, Khung_KeHoach_Chuan!$A$11:$J$91, 8, FALSE),"") | H46: =IFERROR(VLOOKUP($C$10&"_"&$A46, Khung_KeHoach_Chuan!$A$11:$J$91, 9, FALSE),"") | I46: Chưa bắt đầu
A47: 3 | B47: =IFERROR(VLOOKUP($C$10&"_"&$A47, Khung_KeHoach_Chuan!$A$11:$J$91, 4, FALSE),"") | C47: =IFERROR(VLOOKUP($C$10&"_"&$A47, Khung_KeHoach_Chuan!$A$11:$J$91, 5, FALSE),"") | D47: =IFERROR(VLOOKUP($C$10&"_"&$A47, Khung_KeHoach_Chuan!$A$11:$J$91, 6, FALSE),"") | F47: =IFERROR(VLOOKUP($C$10&"_"&$A47, Khung_KeHoach_Chuan!$A$11:$J$91, 7, FALSE),"") | G47: =IFERROR(VLOOKUP($C$10&"_"&$A47, Khung_KeHoach_Chuan!$A$11:$J$91, 8, FALSE),"") | H47: =IFERROR(VLOOKUP($C$10&"_"&$A47, Khung_KeHoach_Chuan!$A$11:$J$91, 9, FALSE),"") | I47: Chưa bắt đầu
A48: 4 | B48: =IFERROR(VLOOKUP($C$10&"_"&$A48, Khung_KeHoach_Chuan!$A$11:$J$91, 4, FALSE),"") | C48: =IFERROR(VLOOKUP($C$10&"_"&$A48, Khung_KeHoach_Chuan!$A$11:$J$91, 5, FALSE),"") | D48: =IFERROR(VLOOKUP($C$10&"_"&$A48, Khung_KeHoach_Chuan!$A$11:$J$91, 6, FALSE),"") | F48: =IFERROR(VLOOKUP($C$10&"_"&$A48, Khung_KeHoach_Chuan!$A$11:$J$91, 7, FALSE),"") | G48: =IFERROR(VLOOKUP($C$10&"_"&$A48, Khung_KeHoach_Chuan!$A$11:$J$91, 8, FALSE),"") | H48: =IFERROR(VLOOKUP($C$10&"_"&$A48, Khung_KeHoach_Chuan!$A$11:$J$91, 9, FALSE),"") | I48: Chưa bắt đầu
A49: 5 | B49: =IFERROR(VLOOKUP($C$10&"_"&$A49, Khung_KeHoach_Chuan!$A$11:$J$91, 4, FALSE),"") | C49: =IFERROR(VLOOKUP($C$10&"_"&$A49, Khung_KeHoach_Chuan!$A$11:$J$91, 5, FALSE),"") | D49: =IFERROR(VLOOKUP($C$10&"_"&$A49, Khung_KeHoach_Chuan!$A$11:$J$91, 6, FALSE),"") | F49: =IFERROR(VLOOKUP($C$10&"_"&$A49, Khung_KeHoach_Chuan!$A$11:$J$91, 7, FALSE),"") | G49: =IFERROR(VLOOKUP($C$10&"_"&$A49, Khung_KeHoach_Chuan!$A$11:$J$91, 8, FALSE),"") | H49: =IFERROR(VLOOKUP($C$10&"_"&$A49, Khung_KeHoach_Chuan!$A$11:$J$91, 9, FALSE),"") | I49: Chưa bắt đầu
A50: 6 | B50: =IFERROR(VLOOKUP($C$10&"_"&$A50, Khung_KeHoach_Chuan!$A$11:$J$91, 4, FALSE),"") | C50: =IFERROR(VLOOKUP($C$10&"_"&$A50, Khung_KeHoach_Chuan!$A$11:$J$91, 5, FALSE),"") | D50: =IFERROR(VLOOKUP($C$10&"_"&$A50, Khung_KeHoach_Chuan!$A$11:$J$91, 6, FALSE),"") | F50: =IFERROR(VLOOKUP($C$10&"_"&$A50, Khung_KeHoach_Chuan!$A$11:$J$91, 7, FALSE),"") | G50: =IFERROR(VLOOKUP($C$10&"_"&$A50, Khung_KeHoach_Chuan!$A$11:$J$91, 8, FALSE),"") | H50: =IFERROR(VLOOKUP($C$10&"_"&$A50, Khung_KeHoach_Chuan!$A$11:$J$91, 9, FALSE),"") | I50: Chưa bắt đầu
A51: 7 | B51: =IFERROR(VLOOKUP($C$10&"_"&$A51, Khung_KeHoach_Chuan!$A$11:$J$91, 4, FALSE),"") | C51: =IFERROR(VLOOKUP($C$10&"_"&$A51, Khung_KeHoach_Chuan!$A$11:$J$91, 5, FALSE),"") | D51: =IFERROR(VLOOKUP($C$10&"_"&$A51, Khung_KeHoach_Chuan!$A$11:$J$91, 6, FALSE),"") | F51: =IFERROR(VLOOKUP($C$10&"_"&$A51, Khung_KeHoach_Chuan!$A$11:$J$91, 7, FALSE),"") | G51: =IFERROR(VLOOKUP($C$10&"_"&$A51, Khung_KeHoach_Chuan!$A$11:$J$91, 8, FALSE),"") | H51: =IFERROR(VLOOKUP($C$10&"_"&$A51, Khung_KeHoach_Chuan!$A$11:$J$91, 9, FALSE),"") | I51: Chưa bắt đầu
A52: 8 | B52: =IFERROR(VLOOKUP($C$10&"_"&$A52, Khung_KeHoach_Chuan!$A$11:$J$91, 4, FALSE),"") | C52: =IFERROR(VLOOKUP($C$10&"_"&$A52, Khung_KeHoach_Chuan!$A$11:$J$91, 5, FALSE),"") | D52: =IFERROR(VLOOKUP($C$10&"_"&$A52, Khung_KeHoach_Chuan!$A$11:$J$91, 6, FALSE),"") | F52: =IFERROR(VLOOKUP($C$10&"_"&$A52, Khung_KeHoach_Chuan!$A$11:$J$91, 7, FALSE),"") | G52: =IFERROR(VLOOKUP($C$10&"_"&$A52, Khung_KeHoach_Chuan!$A$11:$J$91, 8, FALSE),"") | H52: =IFERROR(VLOOKUP($C$10&"_"&$A52, Khung_KeHoach_Chuan!$A$11:$J$91, 9, FALSE),"") | I52: Chưa bắt đầu
A53: 9 | B53: =IFERROR(VLOOKUP($C$10&"_"&$A53, Khung_KeHoach_Chuan!$A$11:$J$91, 4, FALSE),"") | C53: =IFERROR(VLOOKUP($C$10&"_"&$A53, Khung_KeHoach_Chuan!$A$11:$J$91, 5, FALSE),"") | D53: =IFERROR(VLOOKUP($C$10&"_"&$A53, Khung_KeHoach_Chuan!$A$11:$J$91, 6, FALSE),"") | F53: =IFERROR(VLOOKUP($C$10&"_"&$A53, Khung_KeHoach_Chuan!$A$11:$J$91, 7, FALSE),"") | G53: =IFERROR(VLOOKUP($C$10&"_"&$A53, Khung_KeHoach_Chuan!$A$11:$J$91, 8, FALSE),"") | H53: =IFERROR(VLOOKUP($C$10&"_"&$A53, Khung_KeHoach_Chuan!$A$11:$J$91, 9, FALSE),"") | I53: Chưa bắt đầu
A54: 10 | B54: =IFERROR(VLOOKUP($C$10&"_"&$A54, Khung_KeHoach_Chuan!$A$11:$J$91, 4, FALSE),"") | C54: =IFERROR(VLOOKUP($C$10&"_"&$A54, Khung_KeHoach_Chuan!$A$11:$J$91, 5, FALSE),"") | D54: =IFERROR(VLOOKUP($C$10&"_"&$A54, Khung_KeHoach_Chuan!$A$11:$J$91, 6, FALSE),"") | F54: =IFERROR(VLOOKUP($C$10&"_"&$A54, Khung_KeHoach_Chuan!$A$11:$J$91, 7, FALSE),"") | G54: =IFERROR(VLOOKUP($C$10&"_"&$A54, Khung_KeHoach_Chuan!$A$11:$J$91, 8, FALSE),"") | H54: =IFERROR(VLOOKUP($C$10&"_"&$A54, Khung_KeHoach_Chuan!$A$11:$J$91, 9, FALSE),"") | I54: Chưa bắt đầu
A55: 11 | B55: =IFERROR(VLOOKUP($C$10&"_"&$A55, Khung_KeHoach_Chuan!$A$11:$J$91, 4, FALSE),"") | C55: =IFERROR(VLOOKUP($C$10&"_"&$A55, Khung_KeHoach_Chuan!$A$11:$J$91, 5, FALSE),"") | D55: =IFERROR(VLOOKUP($C$10&"_"&$A55, Khung_KeHoach_Chuan!$A$11:$J$91, 6, FALSE),"") | F55: =IFERROR(VLOOKUP($C$10&"_"&$A55, Khung_KeHoach_Chuan!$A$11:$J$91, 7, FALSE),"") | G55: =IFERROR(VLOOKUP($C$10&"_"&$A55, Khung_KeHoach_Chuan!$A$11:$J$91, 8, FALSE),"") | H55: =IFERROR(VLOOKUP($C$10&"_"&$A55, Khung_KeHoach_Chuan!$A$11:$J$91, 9, FALSE),"") | I55: Chưa bắt đầu
A56: 12 | B56: =IFERROR(VLOOKUP($C$10&"_"&$A56, Khung_KeHoach_Chuan!$A$11:$J$91, 4, FALSE),"") | C56: =IFERROR(VLOOKUP($C$10&"_"&$A56, Khung_KeHoach_Chuan!$A$11:$J$91, 5, FALSE),"") | D56: =IFERROR(VLOOKUP($C$10&"_"&$A56, Khung_KeHoach_Chuan!$A$11:$J$91, 6, FALSE),"") | F56: =IFERROR(VLOOKUP($C$10&"_"&$A56, Khung_KeHoach_Chuan!$A$11:$J$91, 7, FALSE),"") | G56: =IFERROR(VLOOKUP($C$10&"_"&$A56, Khung_KeHoach_Chuan!$A$11:$J$91, 8, FALSE),"") | H56: =IFERROR(VLOOKUP($C$10&"_"&$A56, Khung_KeHoach_Chuan!$A$11:$J$91, 9, FALSE),"") | I56: Chưa bắt đầu
... A71: 27 | B71: =IFERROR(VLOOKUP($C$10&"_"&$A71, Khung_KeHoach_Chuan!$A$11:$J$91, 4, FALSE),"") | C71: =IFERROR(VLOOKUP($C$10&"_"&$A71, Khung_KeHoach_Chuan!$A$11:$J$91, 5, FALSE),"") | D71: =IFERROR(VLOOKUP($C$10&"_"&$A71, Khung_KeHoach_Chuan!$A$11:$J$91, 6, FALSE),"") | F71: =IFERROR(VLOOKUP($C$10&"_"&$A71, Khung_KeHoach_Chuan!$A$11:$J$91, 7, FALSE),"") | G71: =IFERROR(VLOOKUP($C$10&"_"&$A71, Khung_KeHoach_Chuan!$A$11:$J$91, 8, FALSE),"") | H71: =IFERROR(VLOOKUP($C$10&"_"&$A71, Khung_KeHoach_Chuan!$A$11:$J$91, 9, FALSE),"") | I71: Chưa bắt đầu

Sheet Nhom_04
A1: BẢNG THEO DÕI TIẾN ĐỘ THỰC HIỆN ĐỀ TÀI - NHÓM 04
A2: Khoa Công nghệ Thông tin - Trường ĐH Tôn Đức Thắng | Học kỳ 1 / Năm học 2026 - 2027
A4: Loại hình đề tài (*): | C4: Dự án CNTT | F4: GV Hướng dẫn: | G4: ThS. Lê Viết Thanh | L4: =IF(OR($C$4="Dự án + Đồ án",$C$4="Dự án + Khóa luận"),"Dự án CNTT",$C$4) -> Dự án CNTT
A5: Tên đề tài / dự án: | C5: Xây dựng Campus Network sử dụng SDN và SD-WAN
A6: Sinh viên 1 (Trưởng nhóm): | C6: Trần Hữu Nhân-52300235 | F6: Sinh viên 2: | G6: Nguyễn Nhật Hào- 52300198
A7: Email / SĐT SV 1: | C7: 52300235@student.tdtu.edu.vn | F7: Email / SĐT SV 2: | G7: 52300198@student.tdtu.edu.vn
A8: Ngày bắt đầu: | C8: =VLOOKUP($L$4, Khung_KeHoach_Chuan!$A$5:$H$7, 2, FALSE) -> 2026-08-24 | F8: Báo cáo sạch hoàn tất: | G8: =VLOOKUP($L$4, Khung_KeHoach_Chuan!$A$5:$H$7, 4, FALSE) -> 2026-11-20
A9: Deadline chính thức: | C9: =VLOOKUP($L$4, Khung_KeHoach_Chuan!$A$5:$H$7, 5, FALSE) -> 2026-12-04 | F9: Lịch Phản biện / Bảo vệ: | G9: =VLOOKUP($L$4, Khung_KeHoach_Chuan!$A$5:$H$7, 7, FALSE) -> 26/12/2026 – 31/12/2026
A10: Loại hình thứ 2 (nếu có):
A11: TỔNG QUAN TIẾN ĐỘ THỰC HIỆN CỦA NHÓM
A12: Tổng Hạng Mục | B12: Hoàn Thành | C12: Đang Làm | D12: Chưa Bắt Đầu | F12: Tạm Hoãn | G12: Báo Cáo Sạch | H12: Tỷ Lệ Hoàn Thành | I12: Trạng Thái Chung
A13: =COUNTA(C16:C42) + IF($C$10<>"", COUNTA(C45:C71), 0) -> 27 | B13: =COUNTIF(I16:I42, "Hoàn thành") + IF($C$10<>"", COUNTIF(I45:I71, "Hoàn thành"), 0) -> 8 | C13: =COUNTIF(I16:I42, "Đang thực hiện") + IF($C$10<>"", COUNTIF(I45:I71, "Đang thực hiện"), 0) -> 0 | D13: =COUNTIF(I16:I42, "Chưa bắt đầu") + IF($C$10<>"", COUNTIF(I45:I71, "Chưa bắt đầu"), 0) -> 19 | F13: =COUNTIF(I16:I42, "Tạm hoãn - Bị chặn") + IF($C$10<>"", COUNTIF(I45:I71, "Tạm hoãn - Bị chặn"), 0) -> 0 | G13: =G8 -> 2026-11-20 | H13: =B13/A13 -> 0.2962963 | I13: =IF(H13=1, "ĐÃ HOÀN TẤT", IF(H13>=0.5, "ĐANG ĐÚNG HẠN", IF(F13>0, "CẦN HỖ TRỢ", "ĐANG THỰC HIỆN"))) -> ĐANG THỰC HIỆN
A15: STT | B15: Giai Đoạn | C15: Hạng Mục Công Việc | D15: Nội Dung Cần Thực Hiện / Gợi Ý | E15: Nội Dung Nhóm Tự Điền | F15: Bắt Đầu | G15: Hạn Hoàn Thành | H15: Kết Quả Đầu Ra Gợi Ý | I15: Trạng Thái (*) | J15: Người Phụ Trách / Ghi Chú & Link
A16: 1 | B16: =VLOOKUP($L$4&"_"&$A16, Khung_KeHoach_Chuan!$A$11:$J$91, 4, FALSE) -> I. ĐỊNH HƯỚNG & PHƯƠNG PHÁP LUẬN | C16: =VLOOKUP($L$4&"_"&$A16, Khung_KeHoach_Chuan!$A$11:$J$91, 5, FALSE) -> Xác định bài toán mạng & mục tiêu dự án SDN/SD-WAN | D16: =VLOOKUP($L$4&"_"&$A16, Khung_KeHoach_Chuan!$A$11:$J$91, 6, FALSE) -> Vấn đề mạng cần giải quyết (định tuyến, QoS, giám sát, bảo mật...); phạm vi topology thử nghiệm | E16: Bài toán: mạng campus 4 cơ sở (Site 100 chính, 200 Cần Thơ, 300 Đà Nẵng, 400 Nha Trang) + site controller 900; SDN điều khiển L2 tập trung tại Site 100, SD-WAN nối các site qua 2 đường Internet + MPLS. Phạm vi: mô phỏng trên EVE-NG. | F16: =VLOOKUP($L$4&"_"&$A16, Khung_KeHoach_Chuan!$A$11:$J$91, 7, FALSE) -> 2026-08-24 | G16: =VLOOKUP($L$4&"_"&$A16, Khung_KeHoach_Chuan!$A$11:$J$91, 8, FALSE) -> 2026-08-28 | H16: =VLOOKUP($L$4&"_"&$A16, Khung_KeHoach_Chuan!$A$11:$J$91, 9, FALSE) -> Tuyên bố bài toán + Phạm vi triển khai SDN/SD-WAN v1 | I16: Hoàn thành
A17: 2 | B17: =VLOOKUP($L$4&"_"&$A17, Khung_KeHoach_Chuan!$A$11:$J$91, 4, FALSE) -> I. ĐỊNH HƯỚNG & PHƯƠNG PHÁP LUẬN | C17: =VLOOKUP($L$4&"_"&$A17, Khung_KeHoach_Chuan!$A$11:$J$91, 5, FALSE) -> Khảo sát kiến trúc SDN/SD-WAN & giải pháp liên quan | D17: =VLOOKUP($L$4&"_"&$A17, Khung_KeHoach_Chuan!$A$11:$J$91, 6, FALSE) -> Kiến trúc SDN (control/data plane, OpenFlow), nền tảng SD-WAN thương mại/mã nguồn mở | E17: Khảo sát kiến trúc SDN (control/data plane, OpenFlow 1.3) và SD-WAN Cisco Viptela (vManage/vSmart/vBond/vEdge, OMP, BFD, TLOC); so sánh controller Ryu/ONOS và giải pháp SD-WAN thương mại; viết vào Chương 2 báo cáo. | F17: =VLOOKUP($L$4&"_"&$A17, Khung_KeHoach_Chuan!$A$11:$J$91, 7, FALSE) -> 2026-08-24 | G17: =VLOOKUP($L$4&"_"&$A17, Khung_KeHoach_Chuan!$A$11:$J$91, 8, FALSE) -> 2026-09-02 | H17: =VLOOKUP($L$4&"_"&$A17, Khung_KeHoach_Chuan!$A$11:$J$91, 9, FALSE) -> Bảng khảo sát Related Work + So sánh giải pháp SDN/SD-WAN hiện có | I17: Hoàn thành
A18: 3 | B18: =VLOOKUP($L$4&"_"&$A18, Khung_KeHoach_Chuan!$A$11:$J$91, 4, FALSE) -> I. ĐỊNH HƯỚNG & PHƯƠNG PHÁP LUẬN | C18: =VLOOKUP($L$4&"_"&$A18, Khung_KeHoach_Chuan!$A$11:$J$91, 5, FALSE) -> Chọn SDN controller, công cụ mô phỏng & kiến trúc hệ thống | D18: =VLOOKUP($L$4&"_"&$A18, Khung_KeHoach_Chuan!$A$11:$J$91, 6, FALSE) -> Controller (ONOS/Ryu/OpenDaylight), công cụ mô phỏng (Mininet/Containerlab/GNS3), giao thức điều khiển | E18: Chọn Ryu (Python, OpenFlow 1.3) điều khiển 6 Open vSwitch; SD-WAN Viptela 20.10.1; mô phỏng trên EVE-NG (IOL, ASAv, vEdge, Linux/Windows). Đã thử ONOS làm controller thứ 2 nhưng tắt (10/10) vì gây khựng Ryu. | F18: =VLOOKUP($L$4&"_"&$A18, Khung_KeHoach_Chuan!$A$11:$J$91, 7, FALSE) -> 2026-08-28 | G18: =VLOOKUP($L$4&"_"&$A18, Khung_KeHoach_Chuan!$A$11:$J$91, 8, FALSE) -> 2026-09-05 | H18: =VLOOKUP($L$4&"_"&$A18, Khung_KeHoach_Chuan!$A$11:$J$91, 9, FALSE) -> Sơ đồ kiến trúc tổng thể mạng + Tech stack specification | I18: Hoàn thành
A19: 4 | B19: =VLOOKUP($L$4&"_"&$A19, Khung_KeHoach_Chuan!$A$11:$J$91, 4, FALSE) -> I. ĐỊNH HƯỚNG & PHƯƠNG PHÁP LUẬN | C19: =VLOOKUP($L$4&"_"&$A19, Khung_KeHoach_Chuan!$A$11:$J$91, 5, FALSE) -> Lập kế hoạch công việc, phân công & quản trị rủi ro | D19: =VLOOKUP($L$4&"_"&$A19, Khung_KeHoach_Chuan!$A$11:$J$91, 6, FALSE) -> WBS: dựng testbed, lập trình controller, kiểm thử định tuyến; Git repo & quy ước làm việc | E19: Chia việc 2 thành viên; repo GitHub nhanhuutran007/Campus_Network_SDN_SD-WAN (từ 25/07), quy ước thư mục configs/ theo site, bảng node-id; rủi ro: tài nguyên server, mất image (đã xử lý 13/10), dự phòng host 2. | F19: =VLOOKUP($L$4&"_"&$A19, Khung_KeHoach_Chuan!$A$11:$J$91, 7, FALSE) -> 2026-08-30 | G19: =VLOOKUP($L$4&"_"&$A19, Khung_KeHoach_Chuan!$A$11:$J$91, 8, FALSE) -> 2026-09-05 | H19: =VLOOKUP($L$4&"_"&$A19, Khung_KeHoach_Chuan!$A$11:$J$91, 9, FALSE) -> WBS Backlog + Git repo setup + Quy ước làm việc | I19: Hoàn thành
A20: 5 | B20: =VLOOKUP($L$4&"_"&$A20, Khung_KeHoach_Chuan!$A$11:$J$91, 4, FALSE) -> II. THIẾT KẾ & CHUẨN BỊ | C20: =VLOOKUP($L$4&"_"&$A20, Khung_KeHoach_Chuan!$A$11:$J$91, 5, FALSE) -> Thiết kế topology mạng thử nghiệm & luồng điều khiển | D20: =VLOOKUP($L$4&"_"&$A20, Khung_KeHoach_Chuan!$A$11:$J$91, 6, FALSE) -> Sơ đồ topology SDN/SD-WAN, luồng traffic, cơ chế trao đổi control plane - data plane | E20: Topo 70 node/103 network: Site 100 (Core IOL VRRP, FW ASAv HA, 2 Dist + 4 Access OVS), 3 chi nhánh Firewall-as-Core, Site 500, site 900; control plane SDN qua VLAN 99 (10.1.99.0/24); underlay BGP AS 64511/64512. | F20: =VLOOKUP($L$4&"_"&$A20, Khung_KeHoach_Chuan!$A$11:$J$91, 7, FALSE) -> 2026-09-06 | G20: =VLOOKUP($L$4&"_"&$A20, Khung_KeHoach_Chuan!$A$11:$J$91, 8, FALSE) -> 2026-09-12 | H20: =VLOOKUP($L$4&"_"&$A20, Khung_KeHoach_Chuan!$A$11:$J$91, 9, FALSE) -> Sơ đồ topology mạng + Thiết kế luồng điều khiển v1 | I20: Hoàn thành
A21: 6 | B21: =VLOOKUP($L$4&"_"&$A21, Khung_KeHoach_Chuan!$A$11:$J$91, 4, FALSE) -> II. THIẾT KẾ & CHUẨN BỊ | C21: =VLOOKUP($L$4&"_"&$A21, Khung_KeHoach_Chuan!$A$11:$J$91, 5, FALSE) -> Chuẩn bị testbed, controller & công cụ giám sát mạng | D21: =VLOOKUP($L$4&"_"&$A21, Khung_KeHoach_Chuan!$A$11:$J$91, 6, FALSE) -> Cài đặt Mininet/Containerlab + controller, công cụ sinh traffic (iperf/hping3), giám sát (Wireshark) | E21: Testbed EVE-NG trên server khoa (host 1) + host 2 dự phòng; Ryu trên node 9; giám sát: Campus SDN Console/NOC (REST, dashboard), vManage, Kiwi Syslog, tcpdump/Wireshark, đo throughput liên VLAN. | F21: =VLOOKUP($L$4&"_"&$A21, Khung_KeHoach_Chuan!$A$11:$J$91, 7, FALSE) -> 2026-09-06 | G21: =VLOOKUP($L$4&"_"&$A21, Khung_KeHoach_Chuan!$A$11:$J$91, 8, FALSE) -> 2026-09-12 | H21: =VLOOKUP($L$4&"_"&$A21, Khung_KeHoach_Chuan!$A$11:$J$91, 9, FALSE) -> Testbed SDN/SD-WAN hoàn chỉnh + Công cụ giám sát | I21: Hoàn thành
A22: 7 | B22: =VLOOKUP($L$4&"_"&$A22, Khung_KeHoach_Chuan!$A$11:$J$91, 4, FALSE) -> II. THIẾT KẾ & CHUẨN BỊ | C22: =VLOOKUP($L$4&"_"&$A22, Khung_KeHoach_Chuan!$A$11:$J$91, 5, FALSE) -> Xây dựng kế hoạch kiểm thử & tiêu chí nghiệm thu | D22: =VLOOKUP($L$4&"_"&$A22, Khung_KeHoach_Chuan!$A$11:$J$91, 6, FALSE) -> Test plan, kịch bản định tuyến/failover, tiêu chí đánh giá (Latency, Throughput, Packet Loss) | E22: Kịch bản S1–S6 (mất link, mất switch, mất controller…) với ngưỡng phục hồi ≤ 5 s; test failover FW HA, cắt màu WAN SD-WAN (BFD/AAR), DHCP từng site; baseline lưu trong log/sdn-eval (04/10). | F22: =VLOOKUP($L$4&"_"&$A22, Khung_KeHoach_Chuan!$A$11:$J$91, 7, FALSE) -> 2026-09-13 | G22: =VLOOKUP($L$4&"_"&$A22, Khung_KeHoach_Chuan!$A$11:$J$91, 8, FALSE) -> 2026-09-19 | H22: =VLOOKUP($L$4&"_"&$A22, Khung_KeHoach_Chuan!$A$11:$J$91, 9, FALSE) -> Test plan + Bộ tiêu chí đánh giá + Baseline metrics | I22: Hoàn thành
A23: 8 | B23: =VLOOKUP($L$4&"_"&$A23, Khung_KeHoach_Chuan!$A$11:$J$91, 4, FALSE) -> II. THIẾT KẾ & CHUẨN BỊ | C23: =VLOOKUP($L$4&"_"&$A23, Khung_KeHoach_Chuan!$A$11:$J$91, 5, FALSE) -> Làm Proof of Concept (PoC): điều khiển định tuyến cơ bản qua controller | D23: =VLOOKUP($L$4&"_"&$A23, Khung_KeHoach_Chuan!$A$11:$J$91, 6, FALSE) -> Cấu hình flow rules cơ bản, kiểm tra khả năng điều khiển luồng traffic qua controller | E23: PoC: Ryu điều khiển OVS, VPC nhận DHCP qua flow OpenFlow; phát hiện và sửa lỗi table-miss/vlan_vid làm rơi DHCP; vEdge đầu tiên lên controller. | F23: =VLOOKUP($L$4&"_"&$A23, Khung_KeHoach_Chuan!$A$11:$J$91, 7, FALSE) -> 2026-09-13 | G23: =VLOOKUP($L$4&"_"&$A23, Khung_KeHoach_Chuan!$A$11:$J$91, 8, FALSE) -> 2026-09-19 | H23: =VLOOKUP($L$4&"_"&$A23, Khung_KeHoach_Chuan!$A$11:$J$91, 9, FALSE) -> Bản demo PoC điều khiển SDN chạy được + Báo cáo rủi ro kỹ thuật | I23: Hoàn thành
A24: 9 | B24: =VLOOKUP($L$4&"_"&$A24, Khung_KeHoach_Chuan!$A$11:$J$91, 4, FALSE) -> III. TRIỂN KHAI / THỰC NGHIỆM | C24: =VLOOKUP($L$4&"_"&$A24, Khung_KeHoach_Chuan!$A$11:$J$91, 5, FALSE) -> Xây dựng phiên bản MVP: hệ thống SDN/SD-WAN vận hành cơ bản | D24: =VLOOKUP($L$4&"_"&$A24, Khung_KeHoach_Chuan!$A$11:$J$91, 6, FALSE) -> Hoàn thành luồng điều khiển - định tuyến - giám sát cơ bản trên toàn bộ topology | E24: MVP: 6/6 OVS kết nối Ryu, VPC Site 100 nhận DHCP; 8/8 vEdge lên fabric, BFD 56/56, overlay VPN 1 thông 4 site (23/09). | F24: =VLOOKUP($L$4&"_"&$A24, Khung_KeHoach_Chuan!$A$11:$J$91, 7, FALSE) -> 2026-09-20 | G24: =VLOOKUP($L$4&"_"&$A24, Khung_KeHoach_Chuan!$A$11:$J$91, 8, FALSE) -> 2026-09-26 | H24: =VLOOKUP($L$4&"_"&$A24, Khung_KeHoach_Chuan!$A$11:$J$91, 9, FALSE) -> Bản MVP: hệ thống SDN/SD-WAN chạy thông luồng cơ bản | I24: Hoàn thành
A25: 10 | B25: =VLOOKUP($L$4&"_"&$A25, Khung_KeHoach_Chuan!$A$11:$J$91, 4, FALSE) -> III. TRIỂN KHAI / THỰC NGHIỆM | C25: =VLOOKUP($L$4&"_"&$A25, Khung_KeHoach_Chuan!$A$11:$J$91, 5, FALSE) -> NỘP BÁO CÁO TIẾN ĐỘ GIỮA KỲ (MỐC KHOA) | D25: =VLOOKUP($L$4&"_"&$A25, Khung_KeHoach_Chuan!$A$11:$J$91, 6, FALSE) -> Tổng hợp tiến độ thực hiện, nộp phiếu theo dõi có chữ ký GVHD | E25: Đã nộp báo cáo giữa kỳ (thư mục BAOCAO_GIUAKY, cập nhật 09/10) kèm slide tiến độ hằng tuần (Baocao27). Cần kiểm lại phiếu theo dõi có chữ ký GVHD. | F25: =VLOOKUP($L$4&"_"&$A25, Khung_KeHoach_Chuan!$A$11:$J$91, 7, FALSE) -> 2026-09-20 | G25: =VLOOKUP($L$4&"_"&$A25, Khung_KeHoach_Chuan!$A$11:$J$91, 8, FALSE) -> 2026-10-04 | H25: =VLOOKUP($L$4&"_"&$A25, Khung_KeHoach_Chuan!$A$11:$J$91, 9, FALSE) -> Phiếu theo dõi có chữ ký GVHD + Báo cáo giữa kỳ ELIT | I25: Hoàn thành
A26: 11 | B26: =VLOOKUP($L$4&"_"&$A26, Khung_KeHoach_Chuan!$A$11:$J$91, 4, FALSE) -> III. TRIỂN KHAI / THỰC NGHIỆM | C26: =VLOOKUP($L$4&"_"&$A26, Khung_KeHoach_Chuan!$A$11:$J$91, 5, FALSE) -> Phát triển hoàn thiện module định tuyến & chính sách điều khiển | D26: =VLOOKUP($L$4&"_"&$A26, Khung_KeHoach_Chuan!$A$11:$J$91, 6, FALSE) -> Lập trình logic định tuyến động, chính sách QoS/ưu tiên traffic, xử lý sự kiện mạng | E26: SDN controller v2: VLAN động, chính sách tập trung pipeline 2 bảng, tự phục hồi VLAN 99, RARP sau barrier (17/10); SD-WAN: SLA/AAR/data policy trên vSmart, DIA chi nhánh + dự phòng MPLS, mail cảnh báo Down/Up. | F26: =VLOOKUP($L$4&"_"&$A26, Khung_KeHoach_Chuan!$A$11:$J$91, 7, FALSE) -> 2026-10-05 | G26: =VLOOKUP($L$4&"_"&$A26, Khung_KeHoach_Chuan!$A$11:$J$91, 8, FALSE) -> 2026-10-18 | H26: =VLOOKUP($L$4&"_"&$A26, Khung_KeHoach_Chuan!$A$11:$J$91, 9, FALSE) -> Module định tuyến & chính sách điều khiển hoàn chỉnh trên Git | I26: Hoàn thành
A27: 12 | B27: =VLOOKUP($L$4&"_"&$A27, Khung_KeHoach_Chuan!$A$11:$J$91, 4, FALSE) -> III. TRIỂN KHAI / THỰC NGHIỆM | C27: =VLOOKUP($L$4&"_"&$A27, Khung_KeHoach_Chuan!$A$11:$J$91, 5, FALSE) -> Tích hợp toàn bộ hệ thống & đồng bộ cấu hình mạng | D27: =VLOOKUP($L$4&"_"&$A27, Khung_KeHoach_Chuan!$A$11:$J$91, 6, FALSE) -> Kết nối controller-switch-orchestrator, đồng bộ cấu hình giữa các site SD-WAN | E27: Đang làm: đồng bộ configs/ = cấu hình live (10/10), host 2 đồng bộ đủ (19/10); còn cấu hình vEdge Site 500 và chạy toàn hệ thống cùng lúc (SD-WAN đang tắt bớt để giảm tải server). | F27: =VLOOKUP($L$4&"_"&$A27, Khung_KeHoach_Chuan!$A$11:$J$91, 7, FALSE) -> 2026-10-19 | G27: =VLOOKUP($L$4&"_"&$A27, Khung_KeHoach_Chuan!$A$11:$J$91, 8, FALSE) -> 2026-10-25 | H27: =VLOOKUP($L$4&"_"&$A27, Khung_KeHoach_Chuan!$A$11:$J$91, 9, FALSE) -> Hệ thống tích hợp hoàn chỉnh (Full System Build) | I27: Đang thực hiện
... A42: 27 | B42: =VLOOKUP($L$4&"_"&$A42, Khung_KeHoach_Chuan!$A$11:$J$91, 4, FALSE) -> VI. ĐÓNG GÓI, BÁO CÁO & ĐÁNH GIÁ RUBRIC | C42: =VLOOKUP($L$4&"_"&$A42, Khung_KeHoach_Chuan!$A$11:$J$91, 5, FALSE) -> BÁO CÁO VỚI GVPB & NHẬP ĐIỂM RUBRIC | D42: =VLOOKUP($L$4&"_"&$A42, Khung_KeHoach_Chuan!$A$11:$J$91, 6, FALSE) -> Báo cáo trực tiếp với GVPB; GVPB và GVHD thống nhất điểm trên Rubric | E42: Báo cáo với GVPB 26–31/12/2026. | F42: =VLOOKUP($L$4&"_"&$A42, Khung_KeHoach_Chuan!$A$11:$J$91, 7, FALSE) -> 2026-12-26 | G42: =VLOOKUP($L$4&"_"&$A42, Khung_KeHoach_Chuan!$A$11:$J$91, 8, FALSE) -> 2026-12-31 | H42: =VLOOKUP($L$4&"_"&$A42, Khung_KeHoach_Chuan!$A$11:$J$91, 9, FALSE) -> Hoàn thành bảo vệ & Điểm số Rubric chính thức | I42: Chưa bắt đầu
A43: KHỐI CÔNG VIỆC - LOẠI HÌNH THỨ 2 (CHỈ DÙNG NẾU NHÓM LÀM ĐỒNG THỜI 2 LOẠI HÌNH)
A44: STT | B44: Giai Đoạn | C44: Hạng Mục Công Việc | D44: Nội Dung Cần Thực Hiện / Gợi Ý | E44: Nội Dung Nhóm Tự Điền | F44: Bắt Đầu | G44: Hạn Hoàn Thành | H44: Kết Quả Đầu Ra Gợi Ý | I44: Trạng Thái (*) | J44: Người Phụ Trách / Ghi Chú & Link
A45: 1 | B45: Khảo sát & phân tích yêu cầu | C45: Khảo sát hiện trạng, xác định phạm vi, mục tiêu đồ án | D45: Phát biểu bài toán: mạng campus 4 cơ sở (Cần Thơ/Đà Nẵng/Nha Trang), yêu cầu hội tụ SDN (điều khiển L2 tập trung) + SD-WAN (định tuyến WAN thông minh giữa các site qua Internet/MPLS). Chọn công cụ mô phỏng EVE-NG, so sánh với GNS3/VMware. | F45: 46228 | G45: 46237 | H45: Tuyên bố bài toán + phạm vi: 4 campus (100/200/300/400) + site controller 900, chọn EVE-NG; README và repo Git khởi tạo 25/07 | I45: Hoàn thành
A46: 2 | B46: Khảo sát & phân tích yêu cầu | C46: Tìm hiểu cơ sở lý thuyết SDN (OpenFlow, controller Ryu, OVS) | D46: Trình bày kiến trúc SDN (data/control/application plane), giao thức OpenFlow 1.3, cơ chế table-miss, học MAC theo VLAN. Đối chiếu hành vi thực tế đã gặp trong lab (table-miss CONTROLLER vs NORMAL gây drop DHCP) | F46: 46228 | G46: 46242 | H46: Lý thuyết SDN (Chương 2) + hướng dẫn OVS/Ryu (01/08); Ryu điều khiển OVS chạy thử thành công | I46: Hoàn thành
A47: 3 | B47: Khảo sát & phân tích yêu cầu | C47: Tìm hiểu cơ sở lý thuyết SD-WAN (vManage/vSmart/vBond, vEdge, OMP/BFD/TLOC) | D47: Trình bày các role controller (orchestrator/smart/manage), cơ chế whitelist valid-vedges, OMP, BFD liveness, BGP CE-PE. Đối chiếu lỗi thực tế: thiếu route /24 ngả biz, thiếu whitelist sau reboot → vEdge rơi fabric. | F47: 46235 | G47: 46274 | H47: Lý thuyết SD-WAN (Chương 2) + tài liệu giải thích tunnel/OMP/BFD/TLOC (09/09) + ghi chú root-cause lỗi đã gặp | I47: Hoàn thành
A48: 4 | B48: Thiết kế tổng thể | C48: Thiết kế kiến trúc mạng 4 campus + hạ tầng SDN/SD-WAN | D48: Vẽ topo tổng thể (campus chính + 3 chi nhánh + site controller 900), xác định luồng dữ liệu: VLAN 99 làm control-plane SDN; WAN 2 nhà cung cấp (Internet 203.0.113.0/24, MPLS 100.64.x.x/30). Quyết định tầng 3 chi nhánh = Firewall-as-Core. | F48: 46228 | G48: 46238 | H48: Sơ đồ topo Mermaid 1.1–1.6 trong campus_network_sdn_sdwan.md + .unl EVE-NG (nay 70 node/103 network, bổ sung Site 500 ngày 03/10) | I48: Hoàn thành
A49: 5 | B49: Thiết kế tổng thể | C49: Bảng quy hoạch IP, VLAN, DHCP, ASN/BGP | D49: Hoàn thiện bảng IP 2.0–2.4 (gateway .1, PC .100–.199, server .10/.11); VLAN phòng ban từng site; bảng ASN (Internet 64511, MPLS 64512, site 65000/65010/65020/65030); quy ước System-IP OMP 10.200..x. | F49: 46235 | G49: 46249 | H49: Bảng IP/VLAN 2.0–2.5 (gateway .1, DHCP .100–.199, server .10/.11), ASN Internet 64511 / MPLS 64512 / site 650xx, System-IP 10.200.<site>.x | I49: Hoàn thành
A50: 6 | B50: Thiết kế tổng thể | C50: Quy hoạch node/topology trên EVE-NG + quy trình đồng bộ host1→repo→host2 | D50: Lập bảng ánh xạ thiết bị→node-id (configs/README.md), quy ước cổng console 33536+id, hiểu cơ chế embedded config trong .unl (51 node config="1"), quy trình wipe/start không phá config tay. | F50: 46237 | G50: 46314 | H50: configs/README.md (bảng node-id) + 47 config nhúng trong .unl (unl_tool validate ĐẠT); quy trình đồng bộ host 1 → repo → host 2 (đồng bộ đủ 19/10) | I50: Hoàn thành
A51: 7 | B51: Triển khai hạ tầng campus (L2/L3) | C51: Cấu hình Core/Dist/Access: VLAN, trunk, STP, VRRP, OSPF nội bộ | D51: Core-SW1/2 (IOL): SVI từng VLAN, VRRP VIP .1, vtp mode off, switchport trunk encapsulation dot1q; Dist/Access qua Ryu (SDN). Verify OSPF FW↔Core full-mesh, route nội bộ đủ. | F51: 46237 | G51: 46249 | H51: Core-SW1/2 IOL: SVI + VRRP .1, trunk dot1q, vtp off; nghiệm thu show vlan brief / show vrrp / OSPF neighbor FW↔Core | I51: Hoàn thành
A52: 8 | B52: Triển khai hạ tầng campus (L2/L3) | C52: Firewall ASAv HA + quản trị từ xa | D52: Cấu hình failover (Primary/Secondary), OSPF full mesh inside, Management0/0 trong VLAN 99, kích hoạt ASDM + PC-Management. Nghiệm thu failover bằng test ngắt link. | F52: 46245 | G52: 46312 | H52: Failover Active/Standby Ready, Mgmt0/0 có IP standby 10.1.99.34; ASDM từ PC-Management 10.1.99.50 chạy được (17/10) | I52: Hoàn thành
A53: 9 | B53: Triển khai hạ tầng campus (L2/L3) | C53: DHCP-Server + phân phối địa chỉ end-to-end | D53: Win Server 2012: tạo 4 scope VLAN10/20/30/40; Core SVI ip helper-address 10.1.90.10. Công việc đang dở: DHCP-Server nhận Discover nhưng chưa trả OFFER → điều tra service/scope/giaddr, capture 2 chiều tap 72/24; xong sẽ là mốc chứng minh hoạt động. | F53: 46238 | G53: 46285 | H53: 4 scope VLAN10/20/30/40 (.100–.199) Active trên DHCP-Server 10.1.90.10; 7/7 VPC Site 100 nhận IP đúng scope (kiểm lại 16/10) | I53: Hoàn thành
A54: 10 | B54: Triển khai SDN (campus chính) | C54: Khởi tạo controller Ryu + kết nối 6 switch OVS | D54: Chạy Ryu trên node 9 (10.1.99.10, port 6653/8080), OVS: OpenFlow13, datapath-id, fail_mode=secure, control qua VLAN 99. Nghiệm thu /stats/switches = 6 switch, flow table đúng (table-miss priority 0). Đang còn: Access-SW3/4 (70/69) chưa kết nối. | F54: 46235 | G54: 46286 | H54: Ryu 10.1.99.10:6653 kết nối 6/6 OVS (OpenFlow13, fail_mode secure, control qua VLAN 99); REST /stats/switches = 6 | I54: Hoàn thành
A55: 11 | B55: Triển khai SDN (campus chính) | C55: App L2 SDN (học MAC theo VLAN, flood đúng VLAN, ACL) | D55: Hoàn thiện campus_switch_13.py: table-miss OUTPUT:NORMAL tự cài lại mỗi lần connect (patch 05/09), NORMAL catch-all priority 1000, flow VLAN 99 không bị xoá khi OVS chuyển standalone→secure. Đưa bản patch về repo configs/. | F55: 46266 | G55: 46312 | H55: App Ryu v2: VLAN động, chính sách 2 bảng, tự phục hồi VLAN 99, RARP sau barrier; kịch bản S1–S6 ĐẠT; Campus SDN Console (NOC) | I55: Hoàn thành
A56: 12 | B56: Triển khai SD-WAN (site 900 + 4 site) | C56: Dựng 3 controller (vManage/vSmart/vBond) + PKI | D56: Cấu hình chức năng controllers, sinh CA root (sdwan-ca), luồng CSR/ký/cài root-chain/cert (recipe PKI), whitelist valid-vedges đủ 8 serial trên cả 3 controller. Lưu ý sau reboot DB whitelist là runtime → phải add lại (đã fix 06/09). | F56: 46246 | G56: 46266 | H56: vManage/vSmart/vBond + Root CA SDWAN-Lab-RootCA, whitelist 8 vEdge trên 3 controller; control connections đủ (CA đã sao lưu 19/10) | I56: Hoàn thành
... A62: 18 | B62: Kiểm thử tích hợp & đánh giá | C62: Test scenario end-to-end (DHCP toàn campus, SD-WAN failover, SDN hoạt động) | D62: Lập ma trận test: (1) DHCP từng site, (2) failover FW-HA, (3) cắt 1 màu WAN → BFD phát hiện + chuyển đổi tunnel, (4) mất controller → switch hành vi ra sao. Ghi kết quả/ảnh chụp màn hình. | F62: 46291 | G62: 46334 | H62: Ma trận test + log/ảnh cho Chương 4. Đã có: SDN S1–S6, cắt Dist-SW thật mất 1,8 s, SD-WAN failover + mail cảnh báo, FW HA, DHCP từng site. Còn: chạy lại trọn bộ, chốt số liệu trước 08/11 để kịp báo cáo sạch 20/11 | I62: Đang thực hiện
A63: 19 | B63: =IFERROR(VLOOKUP($C$10&"_"&$A63, Khung_KeHoach_Chuan!$A$11:$J$91, 4, FALSE),"") | C63: =IFERROR(VLOOKUP($C$10&"_"&$A63, Khung_KeHoach_Chuan!$A$11:$J$91, 5, FALSE),"") | D63: =IFERROR(VLOOKUP($C$10&"_"&$A63, Khung_KeHoach_Chuan!$A$11:$J$91, 6, FALSE),"") | F63: =IFERROR(VLOOKUP($C$10&"_"&$A63, Khung_KeHoach_Chuan!$A$11:$J$91, 7, FALSE),"") | G63: =IFERROR(VLOOKUP($C$10&"_"&$A63, Khung_KeHoach_Chuan!$A$11:$J$91, 8, FALSE),"") | H63: =IFERROR(VLOOKUP($C$10&"_"&$A63, Khung_KeHoach_Chuan!$A$11:$J$91, 9, FALSE),"") | I63: Chưa bắt đầu
A64: 20 | B64: =IFERROR(VLOOKUP($C$10&"_"&$A64, Khung_KeHoach_Chuan!$A$11:$J$91, 4, FALSE),"") | C64: =IFERROR(VLOOKUP($C$10&"_"&$A64, Khung_KeHoach_Chuan!$A$11:$J$91, 5, FALSE),"") | D64: =IFERROR(VLOOKUP($C$10&"_"&$A64, Khung_KeHoach_Chuan!$A$11:$J$91, 6, FALSE),"") | F64: =IFERROR(VLOOKUP($C$10&"_"&$A64, Khung_KeHoach_Chuan!$A$11:$J$91, 7, FALSE),"") | G64: =IFERROR(VLOOKUP($C$10&"_"&$A64, Khung_KeHoach_Chuan!$A$11:$J$91, 8, FALSE),"") | H64: =IFERROR(VLOOKUP($C$10&"_"&$A64, Khung_KeHoach_Chuan!$A$11:$J$91, 9, FALSE),"") | I64: Chưa bắt đầu
A65: 21 | B65: =IFERROR(VLOOKUP($C$10&"_"&$A65, Khung_KeHoach_Chuan!$A$11:$J$91, 4, FALSE),"") | C65: =IFERROR(VLOOKUP($C$10&"_"&$A65, Khung_KeHoach_Chuan!$A$11:$J$91, 5, FALSE),"") | D65: =IFERROR(VLOOKUP($C$10&"_"&$A65, Khung_KeHoach_Chuan!$A$11:$J$91, 6, FALSE),"") | F65: =IFERROR(VLOOKUP($C$10&"_"&$A65, Khung_KeHoach_Chuan!$A$11:$J$91, 7, FALSE),"") | G65: =IFERROR(VLOOKUP($C$10&"_"&$A65, Khung_KeHoach_Chuan!$A$11:$J$91, 8, FALSE),"") | H65: =IFERROR(VLOOKUP($C$10&"_"&$A65, Khung_KeHoach_Chuan!$A$11:$J$91, 9, FALSE),"") | I65: Chưa bắt đầu
A66: 22 | B66: =IFERROR(VLOOKUP($C$10&"_"&$A66, Khung_KeHoach_Chuan!$A$11:$J$91, 4, FALSE),"") | C66: =IFERROR(VLOOKUP($C$10&"_"&$A66, Khung_KeHoach_Chuan!$A$11:$J$91, 5, FALSE),"") | D66: =IFERROR(VLOOKUP($C$10&"_"&$A66, Khung_KeHoach_Chuan!$A$11:$J$91, 6, FALSE),"") | F66: =IFERROR(VLOOKUP($C$10&"_"&$A66, Khung_KeHoach_Chuan!$A$11:$J$91, 7, FALSE),"") | G66: =IFERROR(VLOOKUP($C$10&"_"&$A66, Khung_KeHoach_Chuan!$A$11:$J$91, 8, FALSE),"") | H66: =IFERROR(VLOOKUP($C$10&"_"&$A66, Khung_KeHoach_Chuan!$A$11:$J$91, 9, FALSE),"") | I66: Chưa bắt đầu
A67: 23 | B67: =IFERROR(VLOOKUP($C$10&"_"&$A67, Khung_KeHoach_Chuan!$A$11:$J$91, 4, FALSE),"") | C67: =IFERROR(VLOOKUP($C$10&"_"&$A67, Khung_KeHoach_Chuan!$A$11:$J$91, 5, FALSE),"") | D67: =IFERROR(VLOOKUP($C$10&"_"&$A67, Khung_KeHoach_Chuan!$A$11:$J$91, 6, FALSE),"") | F67: =IFERROR(VLOOKUP($C$10&"_"&$A67, Khung_KeHoach_Chuan!$A$11:$J$91, 7, FALSE),"") | G67: =IFERROR(VLOOKUP($C$10&"_"&$A67, Khung_KeHoach_Chuan!$A$11:$J$91, 8, FALSE),"") | H67: =IFERROR(VLOOKUP($C$10&"_"&$A67, Khung_KeHoach_Chuan!$A$11:$J$91, 9, FALSE),"") | I67: Chưa bắt đầu
A68: 24 | B68: =IFERROR(VLOOKUP($C$10&"_"&$A68, Khung_KeHoach_Chuan!$A$11:$J$91, 4, FALSE),"") | C68: =IFERROR(VLOOKUP($C$10&"_"&$A68, Khung_KeHoach_Chuan!$A$11:$J$91, 5, FALSE),"") | D68: =IFERROR(VLOOKUP($C$10&"_"&$A68, Khung_KeHoach_Chuan!$A$11:$J$91, 6, FALSE),"") | F68: =IFERROR(VLOOKUP($C$10&"_"&$A68, Khung_KeHoach_Chuan!$A$11:$J$91, 7, FALSE),"") | G68: =IFERROR(VLOOKUP($C$10&"_"&$A68, Khung_KeHoach_Chuan!$A$11:$J$91, 8, FALSE),"") | H68: =IFERROR(VLOOKUP($C$10&"_"&$A68, Khung_KeHoach_Chuan!$A$11:$J$91, 9, FALSE),"") | I68: Chưa bắt đầu
A69: 25 | B69: =IFERROR(VLOOKUP($C$10&"_"&$A69, Khung_KeHoach_Chuan!$A$11:$J$91, 4, FALSE),"") | C69: =IFERROR(VLOOKUP($C$10&"_"&$A69, Khung_KeHoach_Chuan!$A$11:$J$91, 5, FALSE),"") | D69: =IFERROR(VLOOKUP($C$10&"_"&$A69, Khung_KeHoach_Chuan!$A$11:$J$91, 6, FALSE),"") | F69: =IFERROR(VLOOKUP($C$10&"_"&$A69, Khung_KeHoach_Chuan!$A$11:$J$91, 7, FALSE),"") | G69: =IFERROR(VLOOKUP($C$10&"_"&$A69, Khung_KeHoach_Chuan!$A$11:$J$91, 8, FALSE),"") | H69: =IFERROR(VLOOKUP($C$10&"_"&$A69, Khung_KeHoach_Chuan!$A$11:$J$91, 9, FALSE),"") | I69: Chưa bắt đầu
A70: 26 | B70: =IFERROR(VLOOKUP($C$10&"_"&$A70, Khung_KeHoach_Chuan!$A$11:$J$91, 4, FALSE),"") | C70: =IFERROR(VLOOKUP($C$10&"_"&$A70, Khung_KeHoach_Chuan!$A$11:$J$91, 5, FALSE),"") | D70: =IFERROR(VLOOKUP($C$10&"_"&$A70, Khung_KeHoach_Chuan!$A$11:$J$91, 6, FALSE),"") | F70: =IFERROR(VLOOKUP($C$10&"_"&$A70, Khung_KeHoach_Chuan!$A$11:$J$91, 7, FALSE),"") | G70: =IFERROR(VLOOKUP($C$10&"_"&$A70, Khung_KeHoach_Chuan!$A$11:$J$91, 8, FALSE),"") | H70: =IFERROR(VLOOKUP($C$10&"_"&$A70, Khung_KeHoach_Chuan!$A$11:$J$91, 9, FALSE),"") | I70: Chưa bắt đầu
A71: 27 | B71: =IFERROR(VLOOKUP($C$10&"_"&$A71, Khung_KeHoach_Chuan!$A$11:$J$91, 4, FALSE),"") | C71: =IFERROR(VLOOKUP($C$10&"_"&$A71, Khung_KeHoach_Chuan!$A$11:$J$91, 5, FALSE),"") | D71: =IFERROR(VLOOKUP($C$10&"_"&$A71, Khung_KeHoach_Chuan!$A$11:$J$91, 6, FALSE),"") | F71: =IFERROR(VLOOKUP($C$10&"_"&$A71, Khung_KeHoach_Chuan!$A$11:$J$91, 7, FALSE),"") | G71: =IFERROR(VLOOKUP($C$10&"_"&$A71, Khung_KeHoach_Chuan!$A$11:$J$91, 8, FALSE),"") | H71: =IFERROR(VLOOKUP($C$10&"_"&$A71, Khung_KeHoach_Chuan!$A$11:$J$91, 9, FALSE),"") | I71: Chưa bắt đầu

Sheet Nhom_05
A1: BẢNG THEO DÕI TIẾN ĐỘ THỰC HIỆN ĐỀ TÀI - NHÓM 05
A2: Khoa Công nghệ Thông tin - Trường ĐH Tôn Đức Thắng | Học kỳ 1 / Năm học 2026 - 2027
A4: Loại hình đề tài (*): | C4: Đồ án tốt nghiệp | F4: GV Hướng dẫn: | G4: ThS. Lê Viết Thanh | L4: =IF(OR($C$4="Dự án + Đồ án",$C$4="Dự án + Khóa luận"),"Dự án CNTT",$C$4) -> Đồ án tốt nghiệp
A5: Tên đề tài / dự án: | C5: Tự động hóa mạng doanh nghiệp dựa trên Intent cho LAN, VLAN và SD-WAN sử dụng trí tuệ nhân tạo
A6: Sinh viên 1 (Trưởng nhóm): | C6: Nguyễn Đăng Khoa - 52300210 | F6: Sinh viên 2: | G6: [Họ tên SV 2 - MSSV]
A7: Email / SĐT SV 1: | C7: 52300210@student.tdtu.edu.vn | F7: Email / SĐT SV 2: | G7: [email2@student.tdtu.edu.vn]
A8: Ngày bắt đầu: | C8: =VLOOKUP($L$4, Khung_KeHoach_Chuan!$A$5:$H$7, 2, FALSE) -> 2026-08-24 | F8: Báo cáo sạch hoàn tất: | G8: =VLOOKUP($L$4, Khung_KeHoach_Chuan!$A$5:$H$7, 4, FALSE) -> 2026-12-10
A9: Deadline chính thức: | C9: =VLOOKUP($L$4, Khung_KeHoach_Chuan!$A$5:$H$7, 5, FALSE) -> 2026-12-27 | F9: Lịch Phản biện / Bảo vệ: | G9: =VLOOKUP($L$4, Khung_KeHoach_Chuan!$A$5:$H$7, 7, FALSE) -> 13/01/2027 – 18/01/2027
A10: Loại hình thứ 2 (nếu có):
A11: TỔNG QUAN TIẾN ĐỘ THỰC HIỆN CỦA NHÓM
A12: Tổng Hạng Mục | B12: Hoàn Thành | C12: Đang Làm | D12: Chưa Bắt Đầu | F12: Tạm Hoãn | G12: Báo Cáo Sạch | H12: Tỷ Lệ Hoàn Thành | I12: Trạng Thái Chung
A13: =COUNTA(C16:C42) + IF($C$10<>"", COUNTA(C45:C71), 0) -> 27 | B13: =COUNTIF(I16:I42, "Hoàn thành") + IF($C$10<>"", COUNTIF(I45:I71, "Hoàn thành"), 0) -> 3 | C13: =COUNTIF(I16:I42, "Đang thực hiện") + IF($C$10<>"", COUNTIF(I45:I71, "Đang thực hiện"), 0) -> 6 | D13: =COUNTIF(I16:I42, "Chưa bắt đầu") + IF($C$10<>"", COUNTIF(I45:I71, "Chưa bắt đầu"), 0) -> 18 | F13: =COUNTIF(I16:I42, "Tạm hoãn - Bị chặn") + IF($C$10<>"", COUNTIF(I45:I71, "Tạm hoãn - Bị chặn"), 0) -> 0 | G13: =G8 -> 2026-12-10 | H13: =B13/A13 -> 0.11111111 | I13: =IF(H13=1, "ĐÃ HOÀN TẤT", IF(H13>=0.5, "ĐANG ĐÚNG HẠN", IF(F13>0, "CẦN HỖ TRỢ", "ĐANG THỰC HIỆN"))) -> ĐANG THỰC HIỆN
A15: STT | B15: Giai Đoạn | C15: Hạng Mục Công Việc | D15: Nội Dung Cần Thực Hiện / Gợi Ý | E15: Nội Dung Nhóm Tự Điền | F15: Bắt Đầu | G15: Hạn Hoàn Thành | H15: Kết Quả Đầu Ra Gợi Ý | I15: Trạng Thái (*) | J15: Người Phụ Trách / Ghi Chú & Link
A16: 1 | B16: =VLOOKUP($L$4&"_"&$A16, Khung_KeHoach_Chuan!$A$11:$J$91, 4, FALSE) -> I. ĐỊNH HƯỚNG & PHƯƠNG PHÁP LUẬN | C16: =VLOOKUP($L$4&"_"&$A16, Khung_KeHoach_Chuan!$A$11:$J$91, 5, FALSE) -> Xác định đề tài nghiên cứu ứng dụng ML trong SDN/SD-WAN & phạm vi ĐATN | D16: =VLOOKUP($L$4&"_"&$A16, Khung_KeHoach_Chuan!$A$11:$J$91, 6, FALSE) -> Bài toán mạng cụ thể (định tuyến thông minh/phát hiện tấn công/tối ưu QoS bằng ML), mục tiêu & phạm vi | F16: =VLOOKUP($L$4&"_"&$A16, Khung_KeHoach_Chuan!$A$11:$J$91, 7, FALSE) -> 2026-08-24 | G16: =VLOOKUP($L$4&"_"&$A16, Khung_KeHoach_Chuan!$A$11:$J$91, 8, FALSE) -> 2026-08-31 | H16: =VLOOKUP($L$4&"_"&$A16, Khung_KeHoach_Chuan!$A$11:$J$91, 9, FALSE) -> Đề cương chi tiết ĐATN + Tuyên bố bài toán & phạm vi ứng dụng ML/SDN | I16: Đang thực hiện
A17: 2 | B17: =VLOOKUP($L$4&"_"&$A17, Khung_KeHoach_Chuan!$A$11:$J$91, 4, FALSE) -> I. ĐỊNH HƯỚNG & PHƯƠNG PHÁP LUẬN | C17: =VLOOKUP($L$4&"_"&$A17, Khung_KeHoach_Chuan!$A$11:$J$91, 5, FALSE) -> Khảo sát tài liệu học thuật về SDN/SD-WAN & các mô hình ML liên quan | D17: =VLOOKUP($L$4&"_"&$A17, Khung_KeHoach_Chuan!$A$11:$J$91, 6, FALSE) -> Tổng hợp bài báo, giải pháp hiện có; phân tích ưu nhược điểm các phương pháp ML trong quản lý mạng | F17: =VLOOKUP($L$4&"_"&$A17, Khung_KeHoach_Chuan!$A$11:$J$91, 7, FALSE) -> 2026-08-24 | G17: =VLOOKUP($L$4&"_"&$A17, Khung_KeHoach_Chuan!$A$11:$J$91, 8, FALSE) -> 2026-09-05 | H17: =VLOOKUP($L$4&"_"&$A17, Khung_KeHoach_Chuan!$A$11:$J$91, 9, FALSE) -> Báo cáo tổng quan nghiên cứu (Literature Review v1) | I17: Đang thực hiện
A18: 3 | B18: =VLOOKUP($L$4&"_"&$A18, Khung_KeHoach_Chuan!$A$11:$J$91, 4, FALSE) -> I. ĐỊNH HƯỚNG & PHƯƠNG PHÁP LUẬN | C18: =VLOOKUP($L$4&"_"&$A18, Khung_KeHoach_Chuan!$A$11:$J$91, 5, FALSE) -> Đề xuất kiến trúc giải pháp SDN/SD-WAN tích hợp ML | D18: =VLOOKUP($L$4&"_"&$A18, Khung_KeHoach_Chuan!$A$11:$J$91, 6, FALSE) -> Controller, mô hình ML đề xuất (thuật toán, kiến trúc mạng nơ-ron nếu có), luồng xử lý dữ liệu | F18: =VLOOKUP($L$4&"_"&$A18, Khung_KeHoach_Chuan!$A$11:$J$91, 7, FALSE) -> 2026-09-01 | G18: =VLOOKUP($L$4&"_"&$A18, Khung_KeHoach_Chuan!$A$11:$J$91, 8, FALSE) -> 2026-09-08 | H18: =VLOOKUP($L$4&"_"&$A18, Khung_KeHoach_Chuan!$A$11:$J$91, 9, FALSE) -> Sơ đồ kiến trúc giải pháp đề xuất + Lý giải lựa chọn | I18: Hoàn thành
A19: 4 | B19: =VLOOKUP($L$4&"_"&$A19, Khung_KeHoach_Chuan!$A$11:$J$91, 4, FALSE) -> I. ĐỊNH HƯỚNG & PHƯƠNG PHÁP LUẬN | C19: =VLOOKUP($L$4&"_"&$A19, Khung_KeHoach_Chuan!$A$11:$J$91, 5, FALSE) -> Lập kế hoạch WBS 18 tuần, phân công & quản trị rủi ro | D19: =VLOOKUP($L$4&"_"&$A19, Khung_KeHoach_Chuan!$A$11:$J$91, 6, FALSE) -> Phân rã công việc thu thập dữ liệu mạng, huấn luyện mô hình, tích hợp hệ thống; Git repo, Drive | F19: =VLOOKUP($L$4&"_"&$A19, Khung_KeHoach_Chuan!$A$11:$J$91, 7, FALSE) -> 2026-09-03 | G19: =VLOOKUP($L$4&"_"&$A19, Khung_KeHoach_Chuan!$A$11:$J$91, 8, FALSE) -> 2026-09-10 | H19: =VLOOKUP($L$4&"_"&$A19, Khung_KeHoach_Chuan!$A$11:$J$91, 9, FALSE) -> WBS Roadmap 18 tuần + Git repo + Quy chế làm việc | I19: Hoàn thành
A20: 5 | B20: =VLOOKUP($L$4&"_"&$A20, Khung_KeHoach_Chuan!$A$11:$J$91, 4, FALSE) -> II. THIẾT KẾ & CHUẨN BỊ | C20: =VLOOKUP($L$4&"_"&$A20, Khung_KeHoach_Chuan!$A$11:$J$91, 5, FALSE) -> Thiết kế kiến trúc hệ thống, thuật toán ML & cơ sở dữ liệu mạng | D20: =VLOOKUP($L$4&"_"&$A20, Khung_KeHoach_Chuan!$A$11:$J$91, 6, FALSE) -> Kiến trúc controller-ML engine, thuật toán xử lý, schema lưu trữ flow/traffic data | F20: =VLOOKUP($L$4&"_"&$A20, Khung_KeHoach_Chuan!$A$11:$J$91, 7, FALSE) -> 2026-09-08 | G20: =VLOOKUP($L$4&"_"&$A20, Khung_KeHoach_Chuan!$A$11:$J$91, 8, FALSE) -> 2026-09-19 | H20: =VLOOKUP($L$4&"_"&$A20, Khung_KeHoach_Chuan!$A$11:$J$91, 9, FALSE) -> Tài liệu đặc tả thiết kế chi tiết (System Architecture) | I20: Đang thực hiện
A21: 6 | B21: =VLOOKUP($L$4&"_"&$A21, Khung_KeHoach_Chuan!$A$11:$J$91, 4, FALSE) -> II. THIẾT KẾ & CHUẨN BỊ | C21: =VLOOKUP($L$4&"_"&$A21, Khung_KeHoach_Chuan!$A$11:$J$91, 5, FALSE) -> Chuẩn bị hạ tầng thử nghiệm SDN/SD-WAN, dataset & công cụ | D21: =VLOOKUP($L$4&"_"&$A21, Khung_KeHoach_Chuan!$A$11:$J$91, 6, FALSE) -> Testbed (Mininet/Containerlab/GNS3), thu thập/tìm dataset traffic chuẩn, cài đặt công cụ ML | F21: =VLOOKUP($L$4&"_"&$A21, Khung_KeHoach_Chuan!$A$11:$J$91, 7, FALSE) -> 2026-09-11 | G21: =VLOOKUP($L$4&"_"&$A21, Khung_KeHoach_Chuan!$A$11:$J$91, 8, FALSE) -> 2026-09-19 | H21: =VLOOKUP($L$4&"_"&$A21, Khung_KeHoach_Chuan!$A$11:$J$91, 9, FALSE) -> Môi trường thực nghiệm chuẩn hóa + Bộ công cụ thử nghiệm | I21: Hoàn thành
A22: 7 | B22: =VLOOKUP($L$4&"_"&$A22, Khung_KeHoach_Chuan!$A$11:$J$91, 4, FALSE) -> II. THIẾT KẾ & CHUẨN BỊ | C22: =VLOOKUP($L$4&"_"&$A22, Khung_KeHoach_Chuan!$A$11:$J$91, 5, FALSE) -> Xây dựng kịch bản thực nghiệm & Baseline đánh giá | D22: =VLOOKUP($L$4&"_"&$A22, Khung_KeHoach_Chuan!$A$11:$J$91, 6, FALSE) -> Kịch bản mô phỏng lưu lượng/tấn công, đối tượng baseline so sánh, độ đo đánh giá | F22: =VLOOKUP($L$4&"_"&$A22, Khung_KeHoach_Chuan!$A$11:$J$91, 7, FALSE) -> 2026-09-15 | G22: =VLOOKUP($L$4&"_"&$A22, Khung_KeHoach_Chuan!$A$11:$J$91, 8, FALSE) -> 2026-09-22 | H22: =VLOOKUP($L$4&"_"&$A22, Khung_KeHoach_Chuan!$A$11:$J$91, 9, FALSE) -> Kịch bản thực nghiệm chi tiết + Danh mục Benchmark | I22: Đang thực hiện
A23: 8 | B23: =VLOOKUP($L$4&"_"&$A23, Khung_KeHoach_Chuan!$A$11:$J$91, 4, FALSE) -> II. THIẾT KẾ & CHUẨN BỊ | C23: =VLOOKUP($L$4&"_"&$A23, Khung_KeHoach_Chuan!$A$11:$J$91, 5, FALSE) -> Thực hiện PoC kiểm chứng tính khả thi của giải pháp đề xuất | D23: =VLOOKUP($L$4&"_"&$A23, Khung_KeHoach_Chuan!$A$11:$J$91, 6, FALSE) -> Chạy thử giải pháp trên topology thu gọn để chứng minh khả năng triển khai thực tế | F23: =VLOOKUP($L$4&"_"&$A23, Khung_KeHoach_Chuan!$A$11:$J$91, 7, FALSE) -> 2026-09-16 | G23: =VLOOKUP($L$4&"_"&$A23, Khung_KeHoach_Chuan!$A$11:$J$91, 8, FALSE) -> 2026-09-24 | H23: =VLOOKUP($L$4&"_"&$A23, Khung_KeHoach_Chuan!$A$11:$J$91, 9, FALSE) -> Báo cáo thực nghiệm PoC + Đánh giá tính khả thi | I23: Đang thực hiện
A24: 9 | B24: =VLOOKUP($L$4&"_"&$A24, Khung_KeHoach_Chuan!$A$11:$J$91, 4, FALSE) -> III. TRIỂN KHAI / THỰC NGHIỆM | C24: =VLOOKUP($L$4&"_"&$A24, Khung_KeHoach_Chuan!$A$11:$J$91, 5, FALSE) -> Xây dựng Prototype/MVP: hệ thống SDN/SD-WAN vận hành ổn định | D24: =VLOOKUP($L$4&"_"&$A24, Khung_KeHoach_Chuan!$A$11:$J$91, 6, FALSE) -> Hoàn thiện module trung tâm (controller + orchestrator), luồng dữ liệu thông suốt đầu-cuối | F24: =VLOOKUP($L$4&"_"&$A24, Khung_KeHoach_Chuan!$A$11:$J$91, 7, FALSE) -> 2026-09-20 | G24: =VLOOKUP($L$4&"_"&$A24, Khung_KeHoach_Chuan!$A$11:$J$91, 8, FALSE) -> 2026-09-30 | H24: =VLOOKUP($L$4&"_"&$A24, Khung_KeHoach_Chuan!$A$11:$J$91, 9, FALSE) -> Prototype/MVP hoạt động ổn định trên tập test | I24: Đang thực hiện
A25: 10 | B25: =VLOOKUP($L$4&"_"&$A25, Khung_KeHoach_Chuan!$A$11:$J$91, 4, FALSE) -> III. TRIỂN KHAI / THỰC NGHIỆM | C25: =VLOOKUP($L$4&"_"&$A25, Khung_KeHoach_Chuan!$A$11:$J$91, 5, FALSE) -> NỘP BÁO CÁO TIẾN ĐỘ GIỮA KỲ (MỐC KHOA) | D25: =VLOOKUP($L$4&"_"&$A25, Khung_KeHoach_Chuan!$A$11:$J$91, 6, FALSE) -> Tổng hợp tiến độ, nộp phiếu theo dõi có chữ ký GVHD | F25: =VLOOKUP($L$4&"_"&$A25, Khung_KeHoach_Chuan!$A$11:$J$91, 7, FALSE) -> 2026-09-20 | G25: =VLOOKUP($L$4&"_"&$A25, Khung_KeHoach_Chuan!$A$11:$J$91, 8, FALSE) -> 2026-10-04 | H25: =VLOOKUP($L$4&"_"&$A25, Khung_KeHoach_Chuan!$A$11:$J$91, 9, FALSE) -> Phiếu theo dõi có chữ ký GVHD + Báo cáo giữa kỳ ELIT | I25: Chưa bắt đầu
A26: 11 | B26: =VLOOKUP($L$4&"_"&$A26, Khung_KeHoach_Chuan!$A$11:$J$91, 4, FALSE) -> III. TRIỂN KHAI / THỰC NGHIỆM | C26: =VLOOKUP($L$4&"_"&$A26, Khung_KeHoach_Chuan!$A$11:$J$91, 5, FALSE) -> Hoàn thiện toàn bộ module hệ thống & chính sách điều khiển | D26: =VLOOKUP($L$4&"_"&$A26, Khung_KeHoach_Chuan!$A$11:$J$91, 6, FALSE) -> Mở rộng tính năng, module giám sát mạng, chính sách tự động hóa cấu hình nếu có | F26: =VLOOKUP($L$4&"_"&$A26, Khung_KeHoach_Chuan!$A$11:$J$91, 7, FALSE) -> 2026-10-05 | G26: =VLOOKUP($L$4&"_"&$A26, Khung_KeHoach_Chuan!$A$11:$J$91, 8, FALSE) -> 2026-10-25 | H26: =VLOOKUP($L$4&"_"&$A26, Khung_KeHoach_Chuan!$A$11:$J$91, 9, FALSE) -> Hệ thống hoàn chỉnh tất cả các module | I26: Chưa bắt đầu
A27: 12 | B27: =VLOOKUP($L$4&"_"&$A27, Khung_KeHoach_Chuan!$A$11:$J$91, 4, FALSE) -> III. TRIỂN KHAI / THỰC NGHIỆM | C27: =VLOOKUP($L$4&"_"&$A27, Khung_KeHoach_Chuan!$A$11:$J$91, 5, FALSE) -> Tích hợp toàn diện hệ thống, kiểm thử liên kết & tối ưu hóa | D27: =VLOOKUP($L$4&"_"&$A27, Khung_KeHoach_Chuan!$A$11:$J$91, 6, FALSE) -> Kết nối các thành phần, tối ưu thời gian xử lý, cải thiện độ ổn định hệ thống | F27: =VLOOKUP($L$4&"_"&$A27, Khung_KeHoach_Chuan!$A$11:$J$91, 7, FALSE) -> 2026-10-26 | G27: =VLOOKUP($L$4&"_"&$A27, Khung_KeHoach_Chuan!$A$11:$J$91, 8, FALSE) -> 2026-11-08 | H27: =VLOOKUP($L$4&"_"&$A27, Khung_KeHoach_Chuan!$A$11:$J$91, 9, FALSE) -> Bản Release ứng cử viên (Release Candidate) | I27: Chưa bắt đầu
... A42: 27 | B42: =VLOOKUP($L$4&"_"&$A42, Khung_KeHoach_Chuan!$A$11:$J$91, 4, FALSE) -> VI. ĐÓNG GÓI, PHẢN BIỆN, BẢO VỆ & NỘP ELIT | C42: =VLOOKUP($L$4&"_"&$A42, Khung_KeHoach_Chuan!$A$11:$J$91, 5, FALSE) -> Chỉnh sửa theo góp ý Hội đồng & Nộp file ELIT | D42: =VLOOKUP($L$4&"_"&$A42, Khung_KeHoach_Chuan!$A$11:$J$91, 6, FALSE) -> Hiệu chỉnh báo cáo theo nhận xét của HĐ, nộp file hoàn thiện lên ELIT | F42: =VLOOKUP($L$4&"_"&$A42, Khung_KeHoach_Chuan!$A$11:$J$91, 7, FALSE) -> 2027-01-18 | G42: =VLOOKUP($L$4&"_"&$A42, Khung_KeHoach_Chuan!$A$11:$J$91, 8, FALSE) -> 2027-02-16 | H42: =VLOOKUP($L$4&"_"&$A42, Khung_KeHoach_Chuan!$A$11:$J$91, 9, FALSE) -> Điểm số ĐATN chính thức được công nhận | I42: Chưa bắt đầu
A43: KHỐI CÔNG VIỆC - LOẠI HÌNH THỨ 2 (CHỈ DÙNG NẾU NHÓM LÀM ĐỒNG THỜI 2 LOẠI HÌNH)
A44: STT | B44: Giai Đoạn | C44: Hạng Mục Công Việc | D44: Nội Dung Cần Thực Hiện / Gợi Ý | E44: Nội Dung Nhóm Tự Điền | F44: Bắt Đầu | G44: Hạn Hoàn Thành | H44: Kết Quả Đầu Ra Gợi Ý | I44: Trạng Thái (*) | J44: Người Phụ Trách / Ghi Chú & Link
A45: 1 | B45: =IFERROR(VLOOKUP($C$10&"_"&$A45, Khung_KeHoach_Chuan!$A$11:$J$91, 4, FALSE),"") | C45: =IFERROR(VLOOKUP($C$10&"_"&$A45, Khung_KeHoach_Chuan!$A$11:$J$91, 5, FALSE),"") | D45: =IFERROR(VLOOKUP($C$10&"_"&$A45, Khung_KeHoach_Chuan!$A$11:$J$91, 6, FALSE),"") | F45: =IFERROR(VLOOKUP($C$10&"_"&$A45, Khung_KeHoach_Chuan!$A$11:$J$91, 7, FALSE),"") | G45: =IFERROR(VLOOKUP($C$10&"_"&$A45, Khung_KeHoach_Chuan!$A$11:$J$91, 8, FALSE),"") | H45: =IFERROR(VLOOKUP($C$10&"_"&$A45, Khung_KeHoach_Chuan!$A$11:$J$91, 9, FALSE),"") | I45: Chưa bắt đầu
A46: 2 | B46: =IFERROR(VLOOKUP($C$10&"_"&$A46, Khung_KeHoach_Chuan!$A$11:$J$91, 4, FALSE),"") | C46: =IFERROR(VLOOKUP($C$10&"_"&$A46, Khung_KeHoach_Chuan!$A$11:$J$91, 5, FALSE),"") | D46: =IFERROR(VLOOKUP($C$10&"_"&$A46, Khung_KeHoach_Chuan!$A$11:$J$91, 6, FALSE),"") | F46: =IFERROR(VLOOKUP($C$10&"_"&$A46, Khung_KeHoach_Chuan!$A$11:$J$91, 7, FALSE),"") | G46: =IFERROR(VLOOKUP($C$10&"_"&$A46, Khung_KeHoach_Chuan!$A$11:$J$91, 8, FALSE),"") | H46: =IFERROR(VLOOKUP($C$10&"_"&$A46, Khung_KeHoach_Chuan!$A$11:$J$91, 9, FALSE),"") | I46: Chưa bắt đầu
A47: 3 | B47: =IFERROR(VLOOKUP($C$10&"_"&$A47, Khung_KeHoach_Chuan!$A$11:$J$91, 4, FALSE),"") | C47: =IFERROR(VLOOKUP($C$10&"_"&$A47, Khung_KeHoach_Chuan!$A$11:$J$91, 5, FALSE),"") | D47: =IFERROR(VLOOKUP($C$10&"_"&$A47, Khung_KeHoach_Chuan!$A$11:$J$91, 6, FALSE),"") | F47: =IFERROR(VLOOKUP($C$10&"_"&$A47, Khung_KeHoach_Chuan!$A$11:$J$91, 7, FALSE),"") | G47: =IFERROR(VLOOKUP($C$10&"_"&$A47, Khung_KeHoach_Chuan!$A$11:$J$91, 8, FALSE),"") | H47: =IFERROR(VLOOKUP($C$10&"_"&$A47, Khung_KeHoach_Chuan!$A$11:$J$91, 9, FALSE),"") | I47: Chưa bắt đầu
A48: 4 | B48: =IFERROR(VLOOKUP($C$10&"_"&$A48, Khung_KeHoach_Chuan!$A$11:$J$91, 4, FALSE),"") | C48: =IFERROR(VLOOKUP($C$10&"_"&$A48, Khung_KeHoach_Chuan!$A$11:$J$91, 5, FALSE),"") | D48: =IFERROR(VLOOKUP($C$10&"_"&$A48, Khung_KeHoach_Chuan!$A$11:$J$91, 6, FALSE),"") | F48: =IFERROR(VLOOKUP($C$10&"_"&$A48, Khung_KeHoach_Chuan!$A$11:$J$91, 7, FALSE),"") | G48: =IFERROR(VLOOKUP($C$10&"_"&$A48, Khung_KeHoach_Chuan!$A$11:$J$91, 8, FALSE),"") | H48: =IFERROR(VLOOKUP($C$10&"_"&$A48, Khung_KeHoach_Chuan!$A$11:$J$91, 9, FALSE),"") | I48: Chưa bắt đầu
A49: 5 | B49: =IFERROR(VLOOKUP($C$10&"_"&$A49, Khung_KeHoach_Chuan!$A$11:$J$91, 4, FALSE),"") | C49: =IFERROR(VLOOKUP($C$10&"_"&$A49, Khung_KeHoach_Chuan!$A$11:$J$91, 5, FALSE),"") | D49: =IFERROR(VLOOKUP($C$10&"_"&$A49, Khung_KeHoach_Chuan!$A$11:$J$91, 6, FALSE),"") | F49: =IFERROR(VLOOKUP($C$10&"_"&$A49, Khung_KeHoach_Chuan!$A$11:$J$91, 7, FALSE),"") | G49: =IFERROR(VLOOKUP($C$10&"_"&$A49, Khung_KeHoach_Chuan!$A$11:$J$91, 8, FALSE),"") | H49: =IFERROR(VLOOKUP($C$10&"_"&$A49, Khung_KeHoach_Chuan!$A$11:$J$91, 9, FALSE),"") | I49: Chưa bắt đầu
A50: 6 | B50: =IFERROR(VLOOKUP($C$10&"_"&$A50, Khung_KeHoach_Chuan!$A$11:$J$91, 4, FALSE),"") | C50: =IFERROR(VLOOKUP($C$10&"_"&$A50, Khung_KeHoach_Chuan!$A$11:$J$91, 5, FALSE),"") | D50: =IFERROR(VLOOKUP($C$10&"_"&$A50, Khung_KeHoach_Chuan!$A$11:$J$91, 6, FALSE),"") | F50: =IFERROR(VLOOKUP($C$10&"_"&$A50, Khung_KeHoach_Chuan!$A$11:$J$91, 7, FALSE),"") | G50: =IFERROR(VLOOKUP($C$10&"_"&$A50, Khung_KeHoach_Chuan!$A$11:$J$91, 8, FALSE),"") | H50: =IFERROR(VLOOKUP($C$10&"_"&$A50, Khung_KeHoach_Chuan!$A$11:$J$91, 9, FALSE),"") | I50: Chưa bắt đầu
A51: 7 | B51: =IFERROR(VLOOKUP($C$10&"_"&$A51, Khung_KeHoach_Chuan!$A$11:$J$91, 4, FALSE),"") | C51: =IFERROR(VLOOKUP($C$10&"_"&$A51, Khung_KeHoach_Chuan!$A$11:$J$91, 5, FALSE),"") | D51: =IFERROR(VLOOKUP($C$10&"_"&$A51, Khung_KeHoach_Chuan!$A$11:$J$91, 6, FALSE),"") | F51: =IFERROR(VLOOKUP($C$10&"_"&$A51, Khung_KeHoach_Chuan!$A$11:$J$91, 7, FALSE),"") | G51: =IFERROR(VLOOKUP($C$10&"_"&$A51, Khung_KeHoach_Chuan!$A$11:$J$91, 8, FALSE),"") | H51: =IFERROR(VLOOKUP($C$10&"_"&$A51, Khung_KeHoach_Chuan!$A$11:$J$91, 9, FALSE),"") | I51: Chưa bắt đầu
A52: 8 | B52: =IFERROR(VLOOKUP($C$10&"_"&$A52, Khung_KeHoach_Chuan!$A$11:$J$91, 4, FALSE),"") | C52: =IFERROR(VLOOKUP($C$10&"_"&$A52, Khung_KeHoach_Chuan!$A$11:$J$91, 5, FALSE),"") | D52: =IFERROR(VLOOKUP($C$10&"_"&$A52, Khung_KeHoach_Chuan!$A$11:$J$91, 6, FALSE),"") | F52: =IFERROR(VLOOKUP($C$10&"_"&$A52, Khung_KeHoach_Chuan!$A$11:$J$91, 7, FALSE),"") | G52: =IFERROR(VLOOKUP($C$10&"_"&$A52, Khung_KeHoach_Chuan!$A$11:$J$91, 8, FALSE),"") | H52: =IFERROR(VLOOKUP($C$10&"_"&$A52, Khung_KeHoach_Chuan!$A$11:$J$91, 9, FALSE),"") | I52: Chưa bắt đầu
A53: 9 | B53: =IFERROR(VLOOKUP($C$10&"_"&$A53, Khung_KeHoach_Chuan!$A$11:$J$91, 4, FALSE),"") | C53: =IFERROR(VLOOKUP($C$10&"_"&$A53, Khung_KeHoach_Chuan!$A$11:$J$91, 5, FALSE),"") | D53: =IFERROR(VLOOKUP($C$10&"_"&$A53, Khung_KeHoach_Chuan!$A$11:$J$91, 6, FALSE),"") | F53: =IFERROR(VLOOKUP($C$10&"_"&$A53, Khung_KeHoach_Chuan!$A$11:$J$91, 7, FALSE),"") | G53: =IFERROR(VLOOKUP($C$10&"_"&$A53, Khung_KeHoach_Chuan!$A$11:$J$91, 8, FALSE),"") | H53: =IFERROR(VLOOKUP($C$10&"_"&$A53, Khung_KeHoach_Chuan!$A$11:$J$91, 9, FALSE),"") | I53: Chưa bắt đầu
A54: 10 | B54: =IFERROR(VLOOKUP($C$10&"_"&$A54, Khung_KeHoach_Chuan!$A$11:$J$91, 4, FALSE),"") | C54: =IFERROR(VLOOKUP($C$10&"_"&$A54, Khung_KeHoach_Chuan!$A$11:$J$91, 5, FALSE),"") | D54: =IFERROR(VLOOKUP($C$10&"_"&$A54, Khung_KeHoach_Chuan!$A$11:$J$91, 6, FALSE),"") | F54: =IFERROR(VLOOKUP($C$10&"_"&$A54, Khung_KeHoach_Chuan!$A$11:$J$91, 7, FALSE),"") | G54: =IFERROR(VLOOKUP($C$10&"_"&$A54, Khung_KeHoach_Chuan!$A$11:$J$91, 8, FALSE),"") | H54: =IFERROR(VLOOKUP($C$10&"_"&$A54, Khung_KeHoach_Chuan!$A$11:$J$91, 9, FALSE),"") | I54: Chưa bắt đầu
A55: 11 | B55: =IFERROR(VLOOKUP($C$10&"_"&$A55, Khung_KeHoach_Chuan!$A$11:$J$91, 4, FALSE),"") | C55: =IFERROR(VLOOKUP($C$10&"_"&$A55, Khung_KeHoach_Chuan!$A$11:$J$91, 5, FALSE),"") | D55: =IFERROR(VLOOKUP($C$10&"_"&$A55, Khung_KeHoach_Chuan!$A$11:$J$91, 6, FALSE),"") | F55: =IFERROR(VLOOKUP($C$10&"_"&$A55, Khung_KeHoach_Chuan!$A$11:$J$91, 7, FALSE),"") | G55: =IFERROR(VLOOKUP($C$10&"_"&$A55, Khung_KeHoach_Chuan!$A$11:$J$91, 8, FALSE),"") | H55: =IFERROR(VLOOKUP($C$10&"_"&$A55, Khung_KeHoach_Chuan!$A$11:$J$91, 9, FALSE),"") | I55: Chưa bắt đầu
A56: 12 | B56: =IFERROR(VLOOKUP($C$10&"_"&$A56, Khung_KeHoach_Chuan!$A$11:$J$91, 4, FALSE),"") | C56: =IFERROR(VLOOKUP($C$10&"_"&$A56, Khung_KeHoach_Chuan!$A$11:$J$91, 5, FALSE),"") | D56: =IFERROR(VLOOKUP($C$10&"_"&$A56, Khung_KeHoach_Chuan!$A$11:$J$91, 6, FALSE),"") | F56: =IFERROR(VLOOKUP($C$10&"_"&$A56, Khung_KeHoach_Chuan!$A$11:$J$91, 7, FALSE),"") | G56: =IFERROR(VLOOKUP($C$10&"_"&$A56, Khung_KeHoach_Chuan!$A$11:$J$91, 8, FALSE),"") | H56: =IFERROR(VLOOKUP($C$10&"_"&$A56, Khung_KeHoach_Chuan!$A$11:$J$91, 9, FALSE),"") | I56: Chưa bắt đầu
... A71: 27 | B71: =IFERROR(VLOOKUP($C$10&"_"&$A71, Khung_KeHoach_Chuan!$A$11:$J$91, 4, FALSE),"") | C71: =IFERROR(VLOOKUP($C$10&"_"&$A71, Khung_KeHoach_Chuan!$A$11:$J$91, 5, FALSE),"") | D71: =IFERROR(VLOOKUP($C$10&"_"&$A71, Khung_KeHoach_Chuan!$A$11:$J$91, 6, FALSE),"") | F71: =IFERROR(VLOOKUP($C$10&"_"&$A71, Khung_KeHoach_Chuan!$A$11:$J$91, 7, FALSE),"") | G71: =IFERROR(VLOOKUP($C$10&"_"&$A71, Khung_KeHoach_Chuan!$A$11:$J$91, 8, FALSE),"") | H71: =IFERROR(VLOOKUP($C$10&"_"&$A71, Khung_KeHoach_Chuan!$A$11:$J$91, 9, FALSE),"") | I71: Chưa bắt đầu

Sheet Nhom_06
A1: BẢNG THEO DÕI TIẾN ĐỘ THỰC HIỆN ĐỀ TÀI - NHÓM 06
A2: Khoa Công nghệ Thông tin - Trường ĐH Tôn Đức Thắng | Học kỳ 1 / Năm học 2026 - 2027
A4: Loại hình đề tài (*): | C4: Đồ án tốt nghiệp | F4: GV Hướng dẫn: | G4: ThS. Lê Viết Thanh | L4: =IF(OR($C$4="Dự án + Đồ án",$C$4="Dự án + Khóa luận"),"Dự án CNTT",$C$4) -> Đồ án tốt nghiệp
A5: Tên đề tài / dự án: | C5: [Nhóm 06 - Điền tên đề tài tại đây]
A6: Sinh viên 1 (Trưởng nhóm): | C6: [Họ tên SV 1 - MSSV] | F6: Sinh viên 2: | G6: [Họ tên SV 2 - MSSV]
A7: Email / SĐT SV 1: | C7: [email1@student.tdtu.edu.vn] | F7: Email / SĐT SV 2: | G7: [email2@student.tdtu.edu.vn]
A8: Ngày bắt đầu: | C8: =VLOOKUP($L$4, Khung_KeHoach_Chuan!$A$5:$H$7, 2, FALSE) -> 2026-08-24 | F8: Báo cáo sạch hoàn tất: | G8: =VLOOKUP($L$4, Khung_KeHoach_Chuan!$A$5:$H$7, 4, FALSE) -> 2026-12-10
A9: Deadline chính thức: | C9: =VLOOKUP($L$4, Khung_KeHoach_Chuan!$A$5:$H$7, 5, FALSE) -> 2026-12-27 | F9: Lịch Phản biện / Bảo vệ: | G9: =VLOOKUP($L$4, Khung_KeHoach_Chuan!$A$5:$H$7, 7, FALSE) -> 13/01/2027 – 18/01/2027
A10: Loại hình thứ 2 (nếu có):
A11: TỔNG QUAN TIẾN ĐỘ THỰC HIỆN CỦA NHÓM
A12: Tổng Hạng Mục | B12: Hoàn Thành | C12: Đang Làm | D12: Chưa Bắt Đầu | F12: Tạm Hoãn | G12: Báo Cáo Sạch | H12: Tỷ Lệ Hoàn Thành | I12: Trạng Thái Chung
A13: =COUNTA(C16:C42) + IF($C$10<>"", COUNTA(C45:C71), 0) -> 27 | B13: =COUNTIF(I16:I42, "Hoàn thành") + IF($C$10<>"", COUNTIF(I45:I71, "Hoàn thành"), 0) -> 0 | C13: =COUNTIF(I16:I42, "Đang thực hiện") + IF($C$10<>"", COUNTIF(I45:I71, "Đang thực hiện"), 0) -> 0 | D13: =COUNTIF(I16:I42, "Chưa bắt đầu") + IF($C$10<>"", COUNTIF(I45:I71, "Chưa bắt đầu"), 0) -> 27 | F13: =COUNTIF(I16:I42, "Tạm hoãn - Bị chặn") + IF($C$10<>"", COUNTIF(I45:I71, "Tạm hoãn - Bị chặn"), 0) -> 0 | G13: =G8 -> 2026-12-10 | H13: =B13/A13 -> 0 | I13: =IF(H13=1, "ĐÃ HOÀN TẤT", IF(H13>=0.5, "ĐANG ĐÚNG HẠN", IF(F13>0, "CẦN HỖ TRỢ", "ĐANG THỰC HIỆN"))) -> ĐANG THỰC HIỆN
A15: STT | B15: Giai Đoạn | C15: Hạng Mục Công Việc | D15: Nội Dung Cần Thực Hiện / Gợi Ý | E15: Nội Dung Nhóm Tự Điền | F15: Bắt Đầu | G15: Hạn Hoàn Thành | H15: Kết Quả Đầu Ra Gợi Ý | I15: Trạng Thái (*) | J15: Người Phụ Trách / Ghi Chú & Link
A16: 1 | B16: =VLOOKUP($L$4&"_"&$A16, Khung_KeHoach_Chuan!$A$11:$J$91, 4, FALSE) -> I. ĐỊNH HƯỚNG & PHƯƠNG PHÁP LUẬN | C16: =VLOOKUP($L$4&"_"&$A16, Khung_KeHoach_Chuan!$A$11:$J$91, 5, FALSE) -> Xác định đề tài nghiên cứu ứng dụng ML trong SDN/SD-WAN & phạm vi ĐATN | D16: =VLOOKUP($L$4&"_"&$A16, Khung_KeHoach_Chuan!$A$11:$J$91, 6, FALSE) -> Bài toán mạng cụ thể (định tuyến thông minh/phát hiện tấn công/tối ưu QoS bằng ML), mục tiêu & phạm vi | F16: =VLOOKUP($L$4&"_"&$A16, Khung_KeHoach_Chuan!$A$11:$J$91, 7, FALSE) -> 2026-08-24 | G16: =VLOOKUP($L$4&"_"&$A16, Khung_KeHoach_Chuan!$A$11:$J$91, 8, FALSE) -> 2026-08-31 | H16: =VLOOKUP($L$4&"_"&$A16, Khung_KeHoach_Chuan!$A$11:$J$91, 9, FALSE) -> Đề cương chi tiết ĐATN + Tuyên bố bài toán & phạm vi ứng dụng ML/SDN | I16: Chưa bắt đầu
A17: 2 | B17: =VLOOKUP($L$4&"_"&$A17, Khung_KeHoach_Chuan!$A$11:$J$91, 4, FALSE) -> I. ĐỊNH HƯỚNG & PHƯƠNG PHÁP LUẬN | C17: =VLOOKUP($L$4&"_"&$A17, Khung_KeHoach_Chuan!$A$11:$J$91, 5, FALSE) -> Khảo sát tài liệu học thuật về SDN/SD-WAN & các mô hình ML liên quan | D17: =VLOOKUP($L$4&"_"&$A17, Khung_KeHoach_Chuan!$A$11:$J$91, 6, FALSE) -> Tổng hợp bài báo, giải pháp hiện có; phân tích ưu nhược điểm các phương pháp ML trong quản lý mạng | F17: =VLOOKUP($L$4&"_"&$A17, Khung_KeHoach_Chuan!$A$11:$J$91, 7, FALSE) -> 2026-08-24 | G17: =VLOOKUP($L$4&"_"&$A17, Khung_KeHoach_Chuan!$A$11:$J$91, 8, FALSE) -> 2026-09-05 | H17: =VLOOKUP($L$4&"_"&$A17, Khung_KeHoach_Chuan!$A$11:$J$91, 9, FALSE) -> Báo cáo tổng quan nghiên cứu (Literature Review v1) | I17: Chưa bắt đầu
A18: 3 | B18: =VLOOKUP($L$4&"_"&$A18, Khung_KeHoach_Chuan!$A$11:$J$91, 4, FALSE) -> I. ĐỊNH HƯỚNG & PHƯƠNG PHÁP LUẬN | C18: =VLOOKUP($L$4&"_"&$A18, Khung_KeHoach_Chuan!$A$11:$J$91, 5, FALSE) -> Đề xuất kiến trúc giải pháp SDN/SD-WAN tích hợp ML | D18: =VLOOKUP($L$4&"_"&$A18, Khung_KeHoach_Chuan!$A$11:$J$91, 6, FALSE) -> Controller, mô hình ML đề xuất (thuật toán, kiến trúc mạng nơ-ron nếu có), luồng xử lý dữ liệu | F18: =VLOOKUP($L$4&"_"&$A18, Khung_KeHoach_Chuan!$A$11:$J$91, 7, FALSE) -> 2026-09-01 | G18: =VLOOKUP($L$4&"_"&$A18, Khung_KeHoach_Chuan!$A$11:$J$91, 8, FALSE) -> 2026-09-08 | H18: =VLOOKUP($L$4&"_"&$A18, Khung_KeHoach_Chuan!$A$11:$J$91, 9, FALSE) -> Sơ đồ kiến trúc giải pháp đề xuất + Lý giải lựa chọn | I18: Chưa bắt đầu
A19: 4 | B19: =VLOOKUP($L$4&"_"&$A19, Khung_KeHoach_Chuan!$A$11:$J$91, 4, FALSE) -> I. ĐỊNH HƯỚNG & PHƯƠNG PHÁP LUẬN | C19: =VLOOKUP($L$4&"_"&$A19, Khung_KeHoach_Chuan!$A$11:$J$91, 5, FALSE) -> Lập kế hoạch WBS 18 tuần, phân công & quản trị rủi ro | D19: =VLOOKUP($L$4&"_"&$A19, Khung_KeHoach_Chuan!$A$11:$J$91, 6, FALSE) -> Phân rã công việc thu thập dữ liệu mạng, huấn luyện mô hình, tích hợp hệ thống; Git repo, Drive | F19: =VLOOKUP($L$4&"_"&$A19, Khung_KeHoach_Chuan!$A$11:$J$91, 7, FALSE) -> 2026-09-03 | G19: =VLOOKUP($L$4&"_"&$A19, Khung_KeHoach_Chuan!$A$11:$J$91, 8, FALSE) -> 2026-09-10 | H19: =VLOOKUP($L$4&"_"&$A19, Khung_KeHoach_Chuan!$A$11:$J$91, 9, FALSE) -> WBS Roadmap 18 tuần + Git repo + Quy chế làm việc | I19: Chưa bắt đầu
A20: 5 | B20: =VLOOKUP($L$4&"_"&$A20, Khung_KeHoach_Chuan!$A$11:$J$91, 4, FALSE) -> II. THIẾT KẾ & CHUẨN BỊ | C20: =VLOOKUP($L$4&"_"&$A20, Khung_KeHoach_Chuan!$A$11:$J$91, 5, FALSE) -> Thiết kế kiến trúc hệ thống, thuật toán ML & cơ sở dữ liệu mạng | D20: =VLOOKUP($L$4&"_"&$A20, Khung_KeHoach_Chuan!$A$11:$J$91, 6, FALSE) -> Kiến trúc controller-ML engine, thuật toán xử lý, schema lưu trữ flow/traffic data | F20: =VLOOKUP($L$4&"_"&$A20, Khung_KeHoach_Chuan!$A$11:$J$91, 7, FALSE) -> 2026-09-08 | G20: =VLOOKUP($L$4&"_"&$A20, Khung_KeHoach_Chuan!$A$11:$J$91, 8, FALSE) -> 2026-09-19 | H20: =VLOOKUP($L$4&"_"&$A20, Khung_KeHoach_Chuan!$A$11:$J$91, 9, FALSE) -> Tài liệu đặc tả thiết kế chi tiết (System Architecture) | I20: Chưa bắt đầu
A21: 6 | B21: =VLOOKUP($L$4&"_"&$A21, Khung_KeHoach_Chuan!$A$11:$J$91, 4, FALSE) -> II. THIẾT KẾ & CHUẨN BỊ | C21: =VLOOKUP($L$4&"_"&$A21, Khung_KeHoach_Chuan!$A$11:$J$91, 5, FALSE) -> Chuẩn bị hạ tầng thử nghiệm SDN/SD-WAN, dataset & công cụ | D21: =VLOOKUP($L$4&"_"&$A21, Khung_KeHoach_Chuan!$A$11:$J$91, 6, FALSE) -> Testbed (Mininet/Containerlab/GNS3), thu thập/tìm dataset traffic chuẩn, cài đặt công cụ ML | F21: =VLOOKUP($L$4&"_"&$A21, Khung_KeHoach_Chuan!$A$11:$J$91, 7, FALSE) -> 2026-09-11 | G21: =VLOOKUP($L$4&"_"&$A21, Khung_KeHoach_Chuan!$A$11:$J$91, 8, FALSE) -> 2026-09-19 | H21: =VLOOKUP($L$4&"_"&$A21, Khung_KeHoach_Chuan!$A$11:$J$91, 9, FALSE) -> Môi trường thực nghiệm chuẩn hóa + Bộ công cụ thử nghiệm | I21: Chưa bắt đầu
A22: 7 | B22: =VLOOKUP($L$4&"_"&$A22, Khung_KeHoach_Chuan!$A$11:$J$91, 4, FALSE) -> II. THIẾT KẾ & CHUẨN BỊ | C22: =VLOOKUP($L$4&"_"&$A22, Khung_KeHoach_Chuan!$A$11:$J$91, 5, FALSE) -> Xây dựng kịch bản thực nghiệm & Baseline đánh giá | D22: =VLOOKUP($L$4&"_"&$A22, Khung_KeHoach_Chuan!$A$11:$J$91, 6, FALSE) -> Kịch bản mô phỏng lưu lượng/tấn công, đối tượng baseline so sánh, độ đo đánh giá | F22: =VLOOKUP($L$4&"_"&$A22, Khung_KeHoach_Chuan!$A$11:$J$91, 7, FALSE) -> 2026-09-15 | G22: =VLOOKUP($L$4&"_"&$A22, Khung_KeHoach_Chuan!$A$11:$J$91, 8, FALSE) -> 2026-09-22 | H22: =VLOOKUP($L$4&"_"&$A22, Khung_KeHoach_Chuan!$A$11:$J$91, 9, FALSE) -> Kịch bản thực nghiệm chi tiết + Danh mục Benchmark | I22: Chưa bắt đầu
A23: 8 | B23: =VLOOKUP($L$4&"_"&$A23, Khung_KeHoach_Chuan!$A$11:$J$91, 4, FALSE) -> II. THIẾT KẾ & CHUẨN BỊ | C23: =VLOOKUP($L$4&"_"&$A23, Khung_KeHoach_Chuan!$A$11:$J$91, 5, FALSE) -> Thực hiện PoC kiểm chứng tính khả thi của giải pháp đề xuất | D23: =VLOOKUP($L$4&"_"&$A23, Khung_KeHoach_Chuan!$A$11:$J$91, 6, FALSE) -> Chạy thử giải pháp trên topology thu gọn để chứng minh khả năng triển khai thực tế | F23: =VLOOKUP($L$4&"_"&$A23, Khung_KeHoach_Chuan!$A$11:$J$91, 7, FALSE) -> 2026-09-16 | G23: =VLOOKUP($L$4&"_"&$A23, Khung_KeHoach_Chuan!$A$11:$J$91, 8, FALSE) -> 2026-09-24 | H23: =VLOOKUP($L$4&"_"&$A23, Khung_KeHoach_Chuan!$A$11:$J$91, 9, FALSE) -> Báo cáo thực nghiệm PoC + Đánh giá tính khả thi | I23: Chưa bắt đầu
A24: 9 | B24: =VLOOKUP($L$4&"_"&$A24, Khung_KeHoach_Chuan!$A$11:$J$91, 4, FALSE) -> III. TRIỂN KHAI / THỰC NGHIỆM | C24: =VLOOKUP($L$4&"_"&$A24, Khung_KeHoach_Chuan!$A$11:$J$91, 5, FALSE) -> Xây dựng Prototype/MVP: hệ thống SDN/SD-WAN vận hành ổn định | D24: =VLOOKUP($L$4&"_"&$A24, Khung_KeHoach_Chuan!$A$11:$J$91, 6, FALSE) -> Hoàn thiện module trung tâm (controller + orchestrator), luồng dữ liệu thông suốt đầu-cuối | F24: =VLOOKUP($L$4&"_"&$A24, Khung_KeHoach_Chuan!$A$11:$J$91, 7, FALSE) -> 2026-09-20 | G24: =VLOOKUP($L$4&"_"&$A24, Khung_KeHoach_Chuan!$A$11:$J$91, 8, FALSE) -> 2026-09-30 | H24: =VLOOKUP($L$4&"_"&$A24, Khung_KeHoach_Chuan!$A$11:$J$91, 9, FALSE) -> Prototype/MVP hoạt động ổn định trên tập test | I24: Chưa bắt đầu
A25: 10 | B25: =VLOOKUP($L$4&"_"&$A25, Khung_KeHoach_Chuan!$A$11:$J$91, 4, FALSE) -> III. TRIỂN KHAI / THỰC NGHIỆM | C25: =VLOOKUP($L$4&"_"&$A25, Khung_KeHoach_Chuan!$A$11:$J$91, 5, FALSE) -> NỘP BÁO CÁO TIẾN ĐỘ GIỮA KỲ (MỐC KHOA) | D25: =VLOOKUP($L$4&"_"&$A25, Khung_KeHoach_Chuan!$A$11:$J$91, 6, FALSE) -> Tổng hợp tiến độ, nộp phiếu theo dõi có chữ ký GVHD | F25: =VLOOKUP($L$4&"_"&$A25, Khung_KeHoach_Chuan!$A$11:$J$91, 7, FALSE) -> 2026-09-20 | G25: =VLOOKUP($L$4&"_"&$A25, Khung_KeHoach_Chuan!$A$11:$J$91, 8, FALSE) -> 2026-10-04 | H25: =VLOOKUP($L$4&"_"&$A25, Khung_KeHoach_Chuan!$A$11:$J$91, 9, FALSE) -> Phiếu theo dõi có chữ ký GVHD + Báo cáo giữa kỳ ELIT | I25: Chưa bắt đầu
A26: 11 | B26: =VLOOKUP($L$4&"_"&$A26, Khung_KeHoach_Chuan!$A$11:$J$91, 4, FALSE) -> III. TRIỂN KHAI / THỰC NGHIỆM | C26: =VLOOKUP($L$4&"_"&$A26, Khung_KeHoach_Chuan!$A$11:$J$91, 5, FALSE) -> Hoàn thiện toàn bộ module hệ thống & chính sách điều khiển | D26: =VLOOKUP($L$4&"_"&$A26, Khung_KeHoach_Chuan!$A$11:$J$91, 6, FALSE) -> Mở rộng tính năng, module giám sát mạng, chính sách tự động hóa cấu hình nếu có | F26: =VLOOKUP($L$4&"_"&$A26, Khung_KeHoach_Chuan!$A$11:$J$91, 7, FALSE) -> 2026-10-05 | G26: =VLOOKUP($L$4&"_"&$A26, Khung_KeHoach_Chuan!$A$11:$J$91, 8, FALSE) -> 2026-10-25 | H26: =VLOOKUP($L$4&"_"&$A26, Khung_KeHoach_Chuan!$A$11:$J$91, 9, FALSE) -> Hệ thống hoàn chỉnh tất cả các module | I26: Chưa bắt đầu
A27: 12 | B27: =VLOOKUP($L$4&"_"&$A27, Khung_KeHoach_Chuan!$A$11:$J$91, 4, FALSE) -> III. TRIỂN KHAI / THỰC NGHIỆM | C27: =VLOOKUP($L$4&"_"&$A27, Khung_KeHoach_Chuan!$A$11:$J$91, 5, FALSE) -> Tích hợp toàn diện hệ thống, kiểm thử liên kết & tối ưu hóa | D27: =VLOOKUP($L$4&"_"&$A27, Khung_KeHoach_Chuan!$A$11:$J$91, 6, FALSE) -> Kết nối các thành phần, tối ưu thời gian xử lý, cải thiện độ ổn định hệ thống | F27: =VLOOKUP($L$4&"_"&$A27, Khung_KeHoach_Chuan!$A$11:$J$91, 7, FALSE) -> 2026-10-26 | G27: =VLOOKUP($L$4&"_"&$A27, Khung_KeHoach_Chuan!$A$11:$J$91, 8, FALSE) -> 2026-11-08 | H27: =VLOOKUP($L$4&"_"&$A27, Khung_KeHoach_Chuan!$A$11:$J$91, 9, FALSE) -> Bản Release ứng cử viên (Release Candidate) | I27: Chưa bắt đầu
... A42: 27 | B42: =VLOOKUP($L$4&"_"&$A42, Khung_KeHoach_Chuan!$A$11:$J$91, 4, FALSE) -> VI. ĐÓNG GÓI, PHẢN BIỆN, BẢO VỆ & NỘP ELIT | C42: =VLOOKUP($L$4&"_"&$A42, Khung_KeHoach_Chuan!$A$11:$J$91, 5, FALSE) -> Chỉnh sửa theo góp ý Hội đồng & Nộp file ELIT | D42: =VLOOKUP($L$4&"_"&$A42, Khung_KeHoach_Chuan!$A$11:$J$91, 6, FALSE) -> Hiệu chỉnh báo cáo theo nhận xét của HĐ, nộp file hoàn thiện lên ELIT | F42: =VLOOKUP($L$4&"_"&$A42, Khung_KeHoach_Chuan!$A$11:$J$91, 7, FALSE) -> 2027-01-18 | G42: =VLOOKUP($L$4&"_"&$A42, Khung_KeHoach_Chuan!$A$11:$J$91, 8, FALSE) -> 2027-02-16 | H42: =VLOOKUP($L$4&"_"&$A42, Khung_KeHoach_Chuan!$A$11:$J$91, 9, FALSE) -> Điểm số ĐATN chính thức được công nhận | I42: Chưa bắt đầu
A43: KHỐI CÔNG VIỆC - LOẠI HÌNH THỨ 2 (CHỈ DÙNG NẾU NHÓM LÀM ĐỒNG THỜI 2 LOẠI HÌNH)
A44: STT | B44: Giai Đoạn | C44: Hạng Mục Công Việc | D44: Nội Dung Cần Thực Hiện / Gợi Ý | E44: Nội Dung Nhóm Tự Điền | F44: Bắt Đầu | G44: Hạn Hoàn Thành | H44: Kết Quả Đầu Ra Gợi Ý | I44: Trạng Thái (*) | J44: Người Phụ Trách / Ghi Chú & Link
A45: 1 | B45: =IFERROR(VLOOKUP($C$10&"_"&$A45, Khung_KeHoach_Chuan!$A$11:$J$91, 4, FALSE),"") | C45: =IFERROR(VLOOKUP($C$10&"_"&$A45, Khung_KeHoach_Chuan!$A$11:$J$91, 5, FALSE),"") | D45: =IFERROR(VLOOKUP($C$10&"_"&$A45, Khung_KeHoach_Chuan!$A$11:$J$91, 6, FALSE),"") | F45: =IFERROR(VLOOKUP($C$10&"_"&$A45, Khung_KeHoach_Chuan!$A$11:$J$91, 7, FALSE),"") | G45: =IFERROR(VLOOKUP($C$10&"_"&$A45, Khung_KeHoach_Chuan!$A$11:$J$91, 8, FALSE),"") | H45: =IFERROR(VLOOKUP($C$10&"_"&$A45, Khung_KeHoach_Chuan!$A$11:$J$91, 9, FALSE),"") | I45: Chưa bắt đầu
A46: 2 | B46: =IFERROR(VLOOKUP($C$10&"_"&$A46, Khung_KeHoach_Chuan!$A$11:$J$91, 4, FALSE),"") | C46: =IFERROR(VLOOKUP($C$10&"_"&$A46, Khung_KeHoach_Chuan!$A$11:$J$91, 5, FALSE),"") | D46: =IFERROR(VLOOKUP($C$10&"_"&$A46, Khung_KeHoach_Chuan!$A$11:$J$91, 6, FALSE),"") | F46: =IFERROR(VLOOKUP($C$10&"_"&$A46, Khung_KeHoach_Chuan!$A$11:$J$91, 7, FALSE),"") | G46: =IFERROR(VLOOKUP($C$10&"_"&$A46, Khung_KeHoach_Chuan!$A$11:$J$91, 8, FALSE),"") | H46: =IFERROR(VLOOKUP($C$10&"_"&$A46, Khung_KeHoach_Chuan!$A$11:$J$91, 9, FALSE),"") | I46: Chưa bắt đầu
A47: 3 | B47: =IFERROR(VLOOKUP($C$10&"_"&$A47, Khung_KeHoach_Chuan!$A$11:$J$91, 4, FALSE),"") | C47: =IFERROR(VLOOKUP($C$10&"_"&$A47, Khung_KeHoach_Chuan!$A$11:$J$91, 5, FALSE),"") | D47: =IFERROR(VLOOKUP($C$10&"_"&$A47, Khung_KeHoach_Chuan!$A$11:$J$91, 6, FALSE),"") | F47: =IFERROR(VLOOKUP($C$10&"_"&$A47, Khung_KeHoach_Chuan!$A$11:$J$91, 7, FALSE),"") | G47: =IFERROR(VLOOKUP($C$10&"_"&$A47, Khung_KeHoach_Chuan!$A$11:$J$91, 8, FALSE),"") | H47: =IFERROR(VLOOKUP($C$10&"_"&$A47, Khung_KeHoach_Chuan!$A$11:$J$91, 9, FALSE),"") | I47: Chưa bắt đầu
A48: 4 | B48: =IFERROR(VLOOKUP($C$10&"_"&$A48, Khung_KeHoach_Chuan!$A$11:$J$91, 4, FALSE),"") | C48: =IFERROR(VLOOKUP($C$10&"_"&$A48, Khung_KeHoach_Chuan!$A$11:$J$91, 5, FALSE),"") | D48: =IFERROR(VLOOKUP($C$10&"_"&$A48, Khung_KeHoach_Chuan!$A$11:$J$91, 6, FALSE),"") | F48: =IFERROR(VLOOKUP($C$10&"_"&$A48, Khung_KeHoach_Chuan!$A$11:$J$91, 7, FALSE),"") | G48: =IFERROR(VLOOKUP($C$10&"_"&$A48, Khung_KeHoach_Chuan!$A$11:$J$91, 8, FALSE),"") | H48: =IFERROR(VLOOKUP($C$10&"_"&$A48, Khung_KeHoach_Chuan!$A$11:$J$91, 9, FALSE),"") | I48: Chưa bắt đầu
A49: 5 | B49: =IFERROR(VLOOKUP($C$10&"_"&$A49, Khung_KeHoach_Chuan!$A$11:$J$91, 4, FALSE),"") | C49: =IFERROR(VLOOKUP($C$10&"_"&$A49, Khung_KeHoach_Chuan!$A$11:$J$91, 5, FALSE),"") | D49: =IFERROR(VLOOKUP($C$10&"_"&$A49, Khung_KeHoach_Chuan!$A$11:$J$91, 6, FALSE),"") | F49: =IFERROR(VLOOKUP($C$10&"_"&$A49, Khung_KeHoach_Chuan!$A$11:$J$91, 7, FALSE),"") | G49: =IFERROR(VLOOKUP($C$10&"_"&$A49, Khung_KeHoach_Chuan!$A$11:$J$91, 8, FALSE),"") | H49: =IFERROR(VLOOKUP($C$10&"_"&$A49, Khung_KeHoach_Chuan!$A$11:$J$91, 9, FALSE),"") | I49: Chưa bắt đầu
A50: 6 | B50: =IFERROR(VLOOKUP($C$10&"_"&$A50, Khung_KeHoach_Chuan!$A$11:$J$91, 4, FALSE),"") | C50: =IFERROR(VLOOKUP($C$10&"_"&$A50, Khung_KeHoach_Chuan!$A$11:$J$91, 5, FALSE),"") | D50: =IFERROR(VLOOKUP($C$10&"_"&$A50, Khung_KeHoach_Chuan!$A$11:$J$91, 6, FALSE),"") | F50: =IFERROR(VLOOKUP($C$10&"_"&$A50, Khung_KeHoach_Chuan!$A$11:$J$91, 7, FALSE),"") | G50: =IFERROR(VLOOKUP($C$10&"_"&$A50, Khung_KeHoach_Chuan!$A$11:$J$91, 8, FALSE),"") | H50: =IFERROR(VLOOKUP($C$10&"_"&$A50, Khung_KeHoach_Chuan!$A$11:$J$91, 9, FALSE),"") | I50: Chưa bắt đầu
A51: 7 | B51: =IFERROR(VLOOKUP($C$10&"_"&$A51, Khung_KeHoach_Chuan!$A$11:$J$91, 4, FALSE),"") | C51: =IFERROR(VLOOKUP($C$10&"_"&$A51, Khung_KeHoach_Chuan!$A$11:$J$91, 5, FALSE),"") | D51: =IFERROR(VLOOKUP($C$10&"_"&$A51, Khung_KeHoach_Chuan!$A$11:$J$91, 6, FALSE),"") | F51: =IFERROR(VLOOKUP($C$10&"_"&$A51, Khung_KeHoach_Chuan!$A$11:$J$91, 7, FALSE),"") | G51: =IFERROR(VLOOKUP($C$10&"_"&$A51, Khung_KeHoach_Chuan!$A$11:$J$91, 8, FALSE),"") | H51: =IFERROR(VLOOKUP($C$10&"_"&$A51, Khung_KeHoach_Chuan!$A$11:$J$91, 9, FALSE),"") | I51: Chưa bắt đầu
A52: 8 | B52: =IFERROR(VLOOKUP($C$10&"_"&$A52, Khung_KeHoach_Chuan!$A$11:$J$91, 4, FALSE),"") | C52: =IFERROR(VLOOKUP($C$10&"_"&$A52, Khung_KeHoach_Chuan!$A$11:$J$91, 5, FALSE),"") | D52: =IFERROR(VLOOKUP($C$10&"_"&$A52, Khung_KeHoach_Chuan!$A$11:$J$91, 6, FALSE),"") | F52: =IFERROR(VLOOKUP($C$10&"_"&$A52, Khung_KeHoach_Chuan!$A$11:$J$91, 7, FALSE),"") | G52: =IFERROR(VLOOKUP($C$10&"_"&$A52, Khung_KeHoach_Chuan!$A$11:$J$91, 8, FALSE),"") | H52: =IFERROR(VLOOKUP($C$10&"_"&$A52, Khung_KeHoach_Chuan!$A$11:$J$91, 9, FALSE),"") | I52: Chưa bắt đầu
A53: 9 | B53: =IFERROR(VLOOKUP($C$10&"_"&$A53, Khung_KeHoach_Chuan!$A$11:$J$91, 4, FALSE),"") | C53: =IFERROR(VLOOKUP($C$10&"_"&$A53, Khung_KeHoach_Chuan!$A$11:$J$91, 5, FALSE),"") | D53: =IFERROR(VLOOKUP($C$10&"_"&$A53, Khung_KeHoach_Chuan!$A$11:$J$91, 6, FALSE),"") | F53: =IFERROR(VLOOKUP($C$10&"_"&$A53, Khung_KeHoach_Chuan!$A$11:$J$91, 7, FALSE),"") | G53: =IFERROR(VLOOKUP($C$10&"_"&$A53, Khung_KeHoach_Chuan!$A$11:$J$91, 8, FALSE),"") | H53: =IFERROR(VLOOKUP($C$10&"_"&$A53, Khung_KeHoach_Chuan!$A$11:$J$91, 9, FALSE),"") | I53: Chưa bắt đầu
A54: 10 | B54: =IFERROR(VLOOKUP($C$10&"_"&$A54, Khung_KeHoach_Chuan!$A$11:$J$91, 4, FALSE),"") | C54: =IFERROR(VLOOKUP($C$10&"_"&$A54, Khung_KeHoach_Chuan!$A$11:$J$91, 5, FALSE),"") | D54: =IFERROR(VLOOKUP($C$10&"_"&$A54, Khung_KeHoach_Chuan!$A$11:$J$91, 6, FALSE),"") | F54: =IFERROR(VLOOKUP($C$10&"_"&$A54, Khung_KeHoach_Chuan!$A$11:$J$91, 7, FALSE),"") | G54: =IFERROR(VLOOKUP($C$10&"_"&$A54, Khung_KeHoach_Chuan!$A$11:$J$91, 8, FALSE),"") | H54: =IFERROR(VLOOKUP($C$10&"_"&$A54, Khung_KeHoach_Chuan!$A$11:$J$91, 9, FALSE),"") | I54: Chưa bắt đầu
A55: 11 | B55: =IFERROR(VLOOKUP($C$10&"_"&$A55, Khung_KeHoach_Chuan!$A$11:$J$91, 4, FALSE),"") | C55: =IFERROR(VLOOKUP($C$10&"_"&$A55, Khung_KeHoach_Chuan!$A$11:$J$91, 5, FALSE),"") | D55: =IFERROR(VLOOKUP($C$10&"_"&$A55, Khung_KeHoach_Chuan!$A$11:$J$91, 6, FALSE),"") | F55: =IFERROR(VLOOKUP($C$10&"_"&$A55, Khung_KeHoach_Chuan!$A$11:$J$91, 7, FALSE),"") | G55: =IFERROR(VLOOKUP($C$10&"_"&$A55, Khung_KeHoach_Chuan!$A$11:$J$91, 8, FALSE),"") | H55: =IFERROR(VLOOKUP($C$10&"_"&$A55, Khung_KeHoach_Chuan!$A$11:$J$91, 9, FALSE),"") | I55: Chưa bắt đầu
A56: 12 | B56: =IFERROR(VLOOKUP($C$10&"_"&$A56, Khung_KeHoach_Chuan!$A$11:$J$91, 4, FALSE),"") | C56: =IFERROR(VLOOKUP($C$10&"_"&$A56, Khung_KeHoach_Chuan!$A$11:$J$91, 5, FALSE),"") | D56: =IFERROR(VLOOKUP($C$10&"_"&$A56, Khung_KeHoach_Chuan!$A$11:$J$91, 6, FALSE),"") | F56: =IFERROR(VLOOKUP($C$10&"_"&$A56, Khung_KeHoach_Chuan!$A$11:$J$91, 7, FALSE),"") | G56: =IFERROR(VLOOKUP($C$10&"_"&$A56, Khung_KeHoach_Chuan!$A$11:$J$91, 8, FALSE),"") | H56: =IFERROR(VLOOKUP($C$10&"_"&$A56, Khung_KeHoach_Chuan!$A$11:$J$91, 9, FALSE),"") | I56: Chưa bắt đầu
... A71: 27 | B71: =IFERROR(VLOOKUP($C$10&"_"&$A71, Khung_KeHoach_Chuan!$A$11:$J$91, 4, FALSE),"") | C71: =IFERROR(VLOOKUP($C$10&"_"&$A71, Khung_KeHoach_Chuan!$A$11:$J$91, 5, FALSE),"") | D71: =IFERROR(VLOOKUP($C$10&"_"&$A71, Khung_KeHoach_Chuan!$A$11:$J$91, 6, FALSE),"") | F71: =IFERROR(VLOOKUP($C$10&"_"&$A71, Khung_KeHoach_Chuan!$A$11:$J$91, 7, FALSE),"") | G71: =IFERROR(VLOOKUP($C$10&"_"&$A71, Khung_KeHoach_Chuan!$A$11:$J$91, 8, FALSE),"") | H71: =IFERROR(VLOOKUP($C$10&"_"&$A71, Khung_KeHoach_Chuan!$A$11:$J$91, 9, FALSE),"") | I71: Chưa bắt đầu

Sheet Nhom_07
A1: BẢNG THEO DÕI TIẾN ĐỘ THỰC HIỆN ĐỀ TÀI - NHÓM 07
A2: Khoa Công nghệ Thông tin - Trường ĐH Tôn Đức Thắng | Học kỳ 1 / Năm học 2026 - 2027
A4: Loại hình đề tài (*): | C4: Dự án + Đồ án | F4: GV Hướng dẫn: | G4: ThS. Lê Viết Thanh | L4: =IF(OR($C$4="Dự án + Đồ án",$C$4="Dự án + Khóa luận"),"Dự án CNTT",$C$4) -> Dự án CNTT
A5: Tên đề tài / dự án: | C5: Tự động hóa cấu hình VLAN và SD-WAN bằng Python và SDN
A6: Sinh viên 1 (Trưởng nhóm): | C6: Võ Anh Khoa - 52300211 | F6: Sinh viên 2: | G6: Đặng Ngọc Kim Khánh - 52300208
A7: Email / SĐT SV 1: | C7: 52300211@student.tdtu.edu.vn | F7: Email / SĐT SV 2: | G7: 52300208@student.tdtu.edu.vn
A8: Ngày bắt đầu: | C8: =VLOOKUP($L$4, Khung_KeHoach_Chuan!$A$5:$H$7, 2, FALSE) -> 2026-08-24 | F8: Báo cáo sạch hoàn tất: | G8: =VLOOKUP($L$4, Khung_KeHoach_Chuan!$A$5:$H$7, 4, FALSE) -> 2026-11-20
A9: Deadline chính thức: | C9: =VLOOKUP($L$4, Khung_KeHoach_Chuan!$A$5:$H$7, 5, FALSE) -> 2026-12-04 | F9: Lịch Phản biện / Bảo vệ: | G9: =VLOOKUP($L$4, Khung_KeHoach_Chuan!$A$5:$H$7, 7, FALSE) -> 26/12/2026 – 31/12/2026
A10: Loại hình thứ 2: | C10: Đồ án tốt nghiệp | F10: GV Hướng dẫn: | G10: ThS. Lê Viết Thanh
A11: Tên đề tài / dự án: | C11: Tự động hóa cấu hình VLAN và SD-WAN theo mô hình Intent sử dụng AI, Python và SDN
A12: Sinh viên 1 (Trưởng nhóm): | C12: Võ Anh Khoa - 52300211 | F12: Sinh viên 2: | G12: Đặng Ngọc Kim Khánh - 52300208
A13: Email / SĐT SV 1: | C13: 52300211@student.tdtu.edu.vn | F13: Email / SĐT SV 2: | G13: 52300208@student.tdtu.edu.vn
A14: Ngày bắt đầu: | C14: =VLOOKUP($L$4, Khung_KeHoach_Chuan!$A$5:$H$7, 2, FALSE) -> 2026-08-24 | F14: Báo cáo sạch hoàn tất: | G14: =VLOOKUP($L$4, Khung_KeHoach_Chuan!$A$5:$H$7, 4, FALSE) -> 2026-11-20
A15: Deadline chính thức: | C15: =VLOOKUP($L$4, Khung_KeHoach_Chuan!$A$5:$H$7, 5, FALSE) -> 2026-12-04 | F15: Lịch Phản biện / Bảo vệ: | G15: =VLOOKUP($L$4, Khung_KeHoach_Chuan!$A$5:$H$7, 7, FALSE) -> 26/12/2026 – 31/12/2026
A16: TỔNG QUAN TIẾN ĐỘ THỰC HIỆN CỦA NHÓM
A17: Tổng Hạng Mục | B17: Hoàn Thành | C17: Đang Làm | D17: Chưa Bắt Đầu | F17: Tạm Hoãn | G17: Báo Cáo Sạch | H17: Tỷ Lệ Hoàn Thành | I17: Trạng Thái Chung
A18: =COUNTA(C21:C47) + IF($C$10<>"", COUNTA(C50:C76), 0) -> 54 | B18: =COUNTIF(I21:I47, "Hoàn thành") + IF($C$10<>"", COUNTIF(I50:I76, "Hoàn thành"), 0) -> 16 | C18: =COUNTIF(I21:I47, "Đang thực hiện") + IF($C$10<>"", COUNTIF(I50:I76, "Đang thực hiện"), 0) -> 3 | D18: =COUNTIF(I21:I47, "Chưa bắt đầu") + IF($C$10<>"", COUNTIF(I50:I76, "Chưa bắt đầu"), 0) -> 35 | F18: =COUNTIF(I21:I47, "Tạm hoãn - Bị chặn") + IF($C$10<>"", COUNTIF(I50:I76, "Tạm hoãn - Bị chặn"), 0) -> 0 | G18: =G8 -> 2026-11-20 | H18: =B18/A18 -> 0.2962963 | I18: =IF(H18=1, "ĐÃ HOÀN TẤT", IF(H18>=0.5, "ĐANG ĐÚNG HẠN", IF(F18>0, "CẦN HỖ TRỢ", "ĐANG THỰC HIỆN"))) -> ĐANG THỰC HIỆN
A20: STT | B20: Giai Đoạn | C20: Hạng Mục Công Việc | D20: Nội Dung Cần Thực Hiện / Gợi Ý | E20: Nội Dung Nhóm Tự Điền | F20: Bắt Đầu | G20: Hạn Hoàn Thành | H20: Kết Quả Đầu Ra Gợi Ý | I20: Trạng Thái (*) | J20: Người Phụ Trách / Ghi Chú & Link
A21: 1 | B21: =VLOOKUP($L$4&"_"&$A21, Khung_KeHoach_Chuan!$A$11:$J$91, 4, FALSE) -> I. ĐỊNH HƯỚNG & PHƯƠNG PHÁP LUẬN | C21: =VLOOKUP($L$4&"_"&$A21, Khung_KeHoach_Chuan!$A$11:$J$91, 5, FALSE) -> Xác định bài toán mạng & mục tiêu dự án SDN/SD-WAN | D21: =VLOOKUP($L$4&"_"&$A21, Khung_KeHoach_Chuan!$A$11:$J$91, 6, FALSE) -> Vấn đề mạng cần giải quyết (định tuyến, QoS, giám sát, bảo mật...); phạm vi topology thử nghiệm | E21: Xác định bài toán: Tự động hóa cấu hình 10 VLAN tập trung qua web, áp dụng Zero-Trust ACL. Quản trị phân tán chi nhánh với SDN thay cho cấu hình CLI thủ công. | F21: =VLOOKUP($L$4&"_"&$A21, Khung_KeHoach_Chuan!$A$11:$J$91, 7, FALSE) -> 2026-08-24 | G21: =VLOOKUP($L$4&"_"&$A21, Khung_KeHoach_Chuan!$A$11:$J$91, 8, FALSE) -> 2026-08-28 | H21: =VLOOKUP($L$4&"_"&$A21, Khung_KeHoach_Chuan!$A$11:$J$91, 9, FALSE) -> Tuyên bố bài toán + Phạm vi triển khai SDN/SD-WAN v1 | I21: Hoàn thành | J21: Cả hai
A22: 2 | B22: =VLOOKUP($L$4&"_"&$A22, Khung_KeHoach_Chuan!$A$11:$J$91, 4, FALSE) -> I. ĐỊNH HƯỚNG & PHƯƠNG PHÁP LUẬN | C22: =VLOOKUP($L$4&"_"&$A22, Khung_KeHoach_Chuan!$A$11:$J$91, 5, FALSE) -> Khảo sát kiến trúc SDN/SD-WAN & giải pháp liên quan | D22: =VLOOKUP($L$4&"_"&$A22, Khung_KeHoach_Chuan!$A$11:$J$91, 6, FALSE) -> Kiến trúc SDN (control/data plane, OpenFlow), nền tảng SD-WAN thương mại/mã nguồn mở | E22: Khảo sát Ryu Controller, Open vSwitch cho Data plane. Khảo sát khác biệt giữa router truyền thống (IOSv) và mô hình điều khiển tập trung qua API. | F22: =VLOOKUP($L$4&"_"&$A22, Khung_KeHoach_Chuan!$A$11:$J$91, 7, FALSE) -> 2026-08-24 | G22: =VLOOKUP($L$4&"_"&$A22, Khung_KeHoach_Chuan!$A$11:$J$91, 8, FALSE) -> 2026-09-02 | H22: =VLOOKUP($L$4&"_"&$A22, Khung_KeHoach_Chuan!$A$11:$J$91, 9, FALSE) -> Bảng khảo sát Related Work + So sánh giải pháp SDN/SD-WAN hiện có | I22: Hoàn thành | J22: Khoa
A23: 3 | B23: =VLOOKUP($L$4&"_"&$A23, Khung_KeHoach_Chuan!$A$11:$J$91, 4, FALSE) -> I. ĐỊNH HƯỚNG & PHƯƠNG PHÁP LUẬN | C23: =VLOOKUP($L$4&"_"&$A23, Khung_KeHoach_Chuan!$A$11:$J$91, 5, FALSE) -> Chọn SDN controller, công cụ mô phỏng & kiến trúc hệ thống | D23: =VLOOKUP($L$4&"_"&$A23, Khung_KeHoach_Chuan!$A$11:$J$91, 6, FALSE) -> Controller (ONOS/Ryu/OpenDaylight), công cụ mô phỏng (Mininet/Containerlab/GNS3), giao thức điều khiển | E23: Lựa chọn stack: Ryu Controller chạy trên Ubuntu Server (kết nối Tailscale), GNS3 chạy trên Windows, Dashboard sử dụng Python/Flask. | F23: =VLOOKUP($L$4&"_"&$A23, Khung_KeHoach_Chuan!$A$11:$J$91, 7, FALSE) -> 2026-08-28 | G23: =VLOOKUP($L$4&"_"&$A23, Khung_KeHoach_Chuan!$A$11:$J$91, 8, FALSE) -> 2026-09-05 | H23: =VLOOKUP($L$4&"_"&$A23, Khung_KeHoach_Chuan!$A$11:$J$91, 9, FALSE) -> Sơ đồ kiến trúc tổng thể mạng + Tech stack specification | I23: Hoàn thành | J23: Cả hai
A24: 4 | B24: =VLOOKUP($L$4&"_"&$A24, Khung_KeHoach_Chuan!$A$11:$J$91, 4, FALSE) -> I. ĐỊNH HƯỚNG & PHƯƠNG PHÁP LUẬN | C24: =VLOOKUP($L$4&"_"&$A24, Khung_KeHoach_Chuan!$A$11:$J$91, 5, FALSE) -> Lập kế hoạch công việc, phân công & quản trị rủi ro | D24: =VLOOKUP($L$4&"_"&$A24, Khung_KeHoach_Chuan!$A$11:$J$91, 6, FALSE) -> WBS: dựng testbed, lập trình controller, kiểm thử định tuyến; Git repo & quy ước làm việc | E24: Setup GitHub repository. Phân công: Khoa xử lý logic backend SDN (Python/Ryu), Khánh phụ trách giao diện Web Dashboard (Flask/HTML/JS). | F24: =VLOOKUP($L$4&"_"&$A24, Khung_KeHoach_Chuan!$A$11:$J$91, 7, FALSE) -> 2026-08-30 | G24: =VLOOKUP($L$4&"_"&$A24, Khung_KeHoach_Chuan!$A$11:$J$91, 8, FALSE) -> 2026-09-05 | H24: =VLOOKUP($L$4&"_"&$A24, Khung_KeHoach_Chuan!$A$11:$J$91, 9, FALSE) -> WBS Backlog + Git repo setup + Quy ước làm việc | I24: Hoàn thành | J24: Khoa
A25: 5 | B25: =VLOOKUP($L$4&"_"&$A25, Khung_KeHoach_Chuan!$A$11:$J$91, 4, FALSE) -> II. THIẾT KẾ & CHUẨN BỊ | C25: =VLOOKUP($L$4&"_"&$A25, Khung_KeHoach_Chuan!$A$11:$J$91, 5, FALSE) -> Thiết kế topology mạng thử nghiệm & luồng điều khiển | D25: =VLOOKUP($L$4&"_"&$A25, Khung_KeHoach_Chuan!$A$11:$J$91, 6, FALSE) -> Sơ đồ topology SDN/SD-WAN, luồng traffic, cơ chế trao đổi control plane - data plane | E25: Vẽ sơ đồ Topology 3 lớp (Core, Distribution, Access) với 4 OVS trên GNS3. Thiết kế luồng gọi Ryu REST API từ Flask để đẩy Flow Rules. | F25: =VLOOKUP($L$4&"_"&$A25, Khung_KeHoach_Chuan!$A$11:$J$91, 7, FALSE) -> 2026-09-06 | G25: =VLOOKUP($L$4&"_"&$A25, Khung_KeHoach_Chuan!$A$11:$J$91, 8, FALSE) -> 2026-09-12 | H25: =VLOOKUP($L$4&"_"&$A25, Khung_KeHoach_Chuan!$A$11:$J$91, 9, FALSE) -> Sơ đồ topology mạng + Thiết kế luồng điều khiển v1 | I25: Hoàn thành | J25: Khoa
A26: 6 | B26: =VLOOKUP($L$4&"_"&$A26, Khung_KeHoach_Chuan!$A$11:$J$91, 4, FALSE) -> II. THIẾT KẾ & CHUẨN BỊ | C26: =VLOOKUP($L$4&"_"&$A26, Khung_KeHoach_Chuan!$A$11:$J$91, 5, FALSE) -> Chuẩn bị testbed, controller & công cụ giám sát mạng | D26: =VLOOKUP($L$4&"_"&$A26, Khung_KeHoach_Chuan!$A$11:$J$91, 6, FALSE) -> Cài đặt Mininet/Containerlab + controller, công cụ sinh traffic (iperf/hping3), giám sát (Wireshark) | E26: Triển khai GNS3 thành công với OVS Docker. Thiết lập kết nối Tailscale giữa Ryu và OVS. Cài đặt các scripts tự động lấy thông tin DPID của Switch. | F26: =VLOOKUP($L$4&"_"&$A26, Khung_KeHoach_Chuan!$A$11:$J$91, 7, FALSE) -> 2026-09-06 | G26: =VLOOKUP($L$4&"_"&$A26, Khung_KeHoach_Chuan!$A$11:$J$91, 8, FALSE) -> 2026-09-12 | H26: =VLOOKUP($L$4&"_"&$A26, Khung_KeHoach_Chuan!$A$11:$J$91, 9, FALSE) -> Testbed SDN/SD-WAN hoàn chỉnh + Công cụ giám sát | I26: Hoàn thành | J26: Cả hai
A27: 7 | B27: =VLOOKUP($L$4&"_"&$A27, Khung_KeHoach_Chuan!$A$11:$J$91, 4, FALSE) -> II. THIẾT KẾ & CHUẨN BỊ | C27: =VLOOKUP($L$4&"_"&$A27, Khung_KeHoach_Chuan!$A$11:$J$91, 5, FALSE) -> Xây dựng kế hoạch kiểm thử & tiêu chí nghiệm thu | D27: =VLOOKUP($L$4&"_"&$A27, Khung_KeHoach_Chuan!$A$11:$J$91, 6, FALSE) -> Test plan, kịch bản định tuyến/failover, tiêu chí đánh giá (Latency, Throughput, Packet Loss) | E27: Lên kịch bản test: Ping liên VLAN, kiểm tra ma trận ACL (chặn/mở), đo thời gian triển khai rule so với làm thủ công. | F27: =VLOOKUP($L$4&"_"&$A27, Khung_KeHoach_Chuan!$A$11:$J$91, 7, FALSE) -> 2026-09-13 | G27: =VLOOKUP($L$4&"_"&$A27, Khung_KeHoach_Chuan!$A$11:$J$91, 8, FALSE) -> 2026-09-19 | H27: =VLOOKUP($L$4&"_"&$A27, Khung_KeHoach_Chuan!$A$11:$J$91, 9, FALSE) -> Test plan + Bộ tiêu chí đánh giá + Baseline metrics | I27: Hoàn thành | J27: Khánh
A28: 8 | B28: =VLOOKUP($L$4&"_"&$A28, Khung_KeHoach_Chuan!$A$11:$J$91, 4, FALSE) -> II. THIẾT KẾ & CHUẨN BỊ | C28: =VLOOKUP($L$4&"_"&$A28, Khung_KeHoach_Chuan!$A$11:$J$91, 5, FALSE) -> Làm Proof of Concept (PoC): điều khiển định tuyến cơ bản qua controller | D28: =VLOOKUP($L$4&"_"&$A28, Khung_KeHoach_Chuan!$A$11:$J$91, 6, FALSE) -> Cấu hình flow rules cơ bản, kiểm tra khả năng điều khiển luồng traffic qua controller | E28: Code thành công auto_vlan.py đẩy Flow table 0 & 1 qua Ryu REST API. Tính năng gán cổng giao diện đã hoạt động và cô lập được mạng L2. | F28: =VLOOKUP($L$4&"_"&$A28, Khung_KeHoach_Chuan!$A$11:$J$91, 7, FALSE) -> 2026-09-13 | G28: =VLOOKUP($L$4&"_"&$A28, Khung_KeHoach_Chuan!$A$11:$J$91, 8, FALSE) -> 2026-09-19 | H28: =VLOOKUP($L$4&"_"&$A28, Khung_KeHoach_Chuan!$A$11:$J$91, 9, FALSE) -> Bản demo PoC điều khiển SDN chạy được + Báo cáo rủi ro kỹ thuật | I28: Hoàn thành | J28: Khoa
A29: 9 | B29: =VLOOKUP($L$4&"_"&$A29, Khung_KeHoach_Chuan!$A$11:$J$91, 4, FALSE) -> III. TRIỂN KHAI / THỰC NGHIỆM | C29: =VLOOKUP($L$4&"_"&$A29, Khung_KeHoach_Chuan!$A$11:$J$91, 5, FALSE) -> Xây dựng phiên bản MVP: hệ thống SDN/SD-WAN vận hành cơ bản | D29: =VLOOKUP($L$4&"_"&$A29, Khung_KeHoach_Chuan!$A$11:$J$91, 6, FALSE) -> Hoàn thành luồng điều khiển - định tuyến - giám sát cơ bản trên toàn bộ topology | E29: Hoàn thiện MVP Dashboard: Thêm/Xóa/Sửa VLAN, Gán cổng kéo thả, Ma trận ACL. Tích hợp xử lý Đa luồng (Threading) để đẩy hàng trăm rules trong 1-2 giây. | F29: =VLOOKUP($L$4&"_"&$A29, Khung_KeHoach_Chuan!$A$11:$J$91, 7, FALSE) -> 2026-09-20 | G29: =VLOOKUP($L$4&"_"&$A29, Khung_KeHoach_Chuan!$A$11:$J$91, 8, FALSE) -> 2026-09-26 | H29: =VLOOKUP($L$4&"_"&$A29, Khung_KeHoach_Chuan!$A$11:$J$91, 9, FALSE) -> Bản MVP: hệ thống SDN/SD-WAN chạy thông luồng cơ bản | I29: Hoàn thành | J29: Cả hai
A30: 10 | B30: =VLOOKUP($L$4&"_"&$A30, Khung_KeHoach_Chuan!$A$11:$J$91, 4, FALSE) -> III. TRIỂN KHAI / THỰC NGHIỆM | C30: =VLOOKUP($L$4&"_"&$A30, Khung_KeHoach_Chuan!$A$11:$J$91, 5, FALSE) -> NỘP BÁO CÁO TIẾN ĐỘ GIỮA KỲ (MỐC KHOA) | D30: =VLOOKUP($L$4&"_"&$A30, Khung_KeHoach_Chuan!$A$11:$J$91, 6, FALSE) -> Tổng hợp tiến độ thực hiện, nộp phiếu theo dõi có chữ ký GVHD | E30: Cập nhật tiến độ hệ thống lên phiếu, xin chữ ký GVHD. Viết báo cáo tóm tắt các tính năng MVP đã chạy thực tế. | F30: =VLOOKUP($L$4&"_"&$A30, Khung_KeHoach_Chuan!$A$11:$J$91, 7, FALSE) -> 2026-09-20 | G30: =VLOOKUP($L$4&"_"&$A30, Khung_KeHoach_Chuan!$A$11:$J$91, 8, FALSE) -> 2026-10-04 | H30: =VLOOKUP($L$4&"_"&$A30, Khung_KeHoach_Chuan!$A$11:$J$91, 9, FALSE) -> Phiếu theo dõi có chữ ký GVHD + Báo cáo giữa kỳ ELIT | I30: Đang thực hiện | J30: Cả hai
A31: 11 | B31: =VLOOKUP($L$4&"_"&$A31, Khung_KeHoach_Chuan!$A$11:$J$91, 4, FALSE) -> III. TRIỂN KHAI / THỰC NGHIỆM | C31: =VLOOKUP($L$4&"_"&$A31, Khung_KeHoach_Chuan!$A$11:$J$91, 5, FALSE) -> Phát triển hoàn thiện module định tuyến & chính sách điều khiển | D31: =VLOOKUP($L$4&"_"&$A31, Khung_KeHoach_Chuan!$A$11:$J$91, 6, FALSE) -> Lập trình logic định tuyến động, chính sách QoS/ưu tiên traffic, xử lý sự kiện mạng | F31: =VLOOKUP($L$4&"_"&$A31, Khung_KeHoach_Chuan!$A$11:$J$91, 7, FALSE) -> 2026-10-05 | G31: =VLOOKUP($L$4&"_"&$A31, Khung_KeHoach_Chuan!$A$11:$J$91, 8, FALSE) -> 2026-10-18 | H31: =VLOOKUP($L$4&"_"&$A31, Khung_KeHoach_Chuan!$A$11:$J$91, 9, FALSE) -> Module định tuyến & chính sách điều khiển hoàn chỉnh trên Git | I31: Chưa bắt đầu
A32: 12 | B32: =VLOOKUP($L$4&"_"&$A32, Khung_KeHoach_Chuan!$A$11:$J$91, 4, FALSE) -> III. TRIỂN KHAI / THỰC NGHIỆM | C32: =VLOOKUP($L$4&"_"&$A32, Khung_KeHoach_Chuan!$A$11:$J$91, 5, FALSE) -> Tích hợp toàn bộ hệ thống & đồng bộ cấu hình mạng | D32: =VLOOKUP($L$4&"_"&$A32, Khung_KeHoach_Chuan!$A$11:$J$91, 6, FALSE) -> Kết nối controller-switch-orchestrator, đồng bộ cấu hình giữa các site SD-WAN | F32: =VLOOKUP($L$4&"_"&$A32, Khung_KeHoach_Chuan!$A$11:$J$91, 7, FALSE) -> 2026-10-19 | G32: =VLOOKUP($L$4&"_"&$A32, Khung_KeHoach_Chuan!$A$11:$J$91, 8, FALSE) -> 2026-10-25 | H32: =VLOOKUP($L$4&"_"&$A32, Khung_KeHoach_Chuan!$A$11:$J$91, 9, FALSE) -> Hệ thống tích hợp hoàn chỉnh (Full System Build) | I32: Chưa bắt đầu
A33: 13 | B33: =VLOOKUP($L$4&"_"&$A33, Khung_KeHoach_Chuan!$A$11:$J$91, 4, FALSE) -> III. TRIỂN KHAI / THỰC NGHIỆM | C33: =VLOOKUP($L$4&"_"&$A33, Khung_KeHoach_Chuan!$A$11:$J$91, 5, FALSE) -> Duy trì Technical Log, Commit history & Bằng chứng | D33: =VLOOKUP($L$4&"_"&$A33, Khung_KeHoach_Chuan!$A$11:$J$91, 6, FALSE) -> Ghi log cấu hình controller, thay đổi flow rules, biên bản họp định kỳ với GVHD | F33: =VLOOKUP($L$4&"_"&$A33, Khung_KeHoach_Chuan!$A$11:$J$91, 7, FALSE) -> 2026-09-20 | G33: =VLOOKUP($L$4&"_"&$A33, Khung_KeHoach_Chuan!$A$11:$J$91, 8, FALSE) -> 2026-10-31 | H33: =VLOOKUP($L$4&"_"&$A33, Khung_KeHoach_Chuan!$A$11:$J$91, 9, FALSE) -> Thư mục Evidence + Git commit log chuẩn quy cách | I33: Chưa bắt đầu
A34: 14 | B34: =VLOOKUP($L$4&"_"&$A34, Khung_KeHoach_Chuan!$A$11:$J$91, 4, FALSE) -> IV. KIỂM THỬ & ĐÁNH GIÁ | C34: =VLOOKUP($L$4&"_"&$A34, Khung_KeHoach_Chuan!$A$11:$J$91, 5, FALSE) -> Thực thi kiểm thử chức năng hệ thống SDN/SD-WAN | D34: =VLOOKUP($L$4&"_"&$A34, Khung_KeHoach_Chuan!$A$11:$J$91, 6, FALSE) -> Kiểm tra định tuyến, failover, chính sách QoS, khả năng phản hồi controller | F34: =VLOOKUP($L$4&"_"&$A34, Khung_KeHoach_Chuan!$A$11:$J$91, 7, FALSE) -> 2026-10-26 | G34: =VLOOKUP($L$4&"_"&$A34, Khung_KeHoach_Chuan!$A$11:$J$91, 8, FALSE) -> 2026-11-01 | H34: =VLOOKUP($L$4&"_"&$A34, Khung_KeHoach_Chuan!$A$11:$J$91, 9, FALSE) -> Bảng kết quả test chi tiết + Danh sách lỗi đã xử lý | I34: Chưa bắt đầu
A35: 15 | B35: =VLOOKUP($L$4&"_"&$A35, Khung_KeHoach_Chuan!$A$11:$J$91, 4, FALSE) -> IV. KIỂM THỬ & ĐÁNH GIÁ | C35: =VLOOKUP($L$4&"_"&$A35, Khung_KeHoach_Chuan!$A$11:$J$91, 5, FALSE) -> Kiểm thử hiệu năng, độ trễ & khả năng mở rộng hệ thống | D35: =VLOOKUP($L$4&"_"&$A35, Khung_KeHoach_Chuan!$A$11:$J$91, 6, FALSE) -> Đo độ trễ xử lý (latency), thông lượng (throughput), khả năng chịu tải | F35: =VLOOKUP($L$4&"_"&$A35, Khung_KeHoach_Chuan!$A$11:$J$91, 7, FALSE) -> 2026-11-02 | G35: =VLOOKUP($L$4&"_"&$A35, Khung_KeHoach_Chuan!$A$11:$J$91, 8, FALSE) -> 2026-11-08 | H35: =VLOOKUP($L$4&"_"&$A35, Khung_KeHoach_Chuan!$A$11:$J$91, 9, FALSE) -> Báo cáo Performance & Scalability testing | I35: Chưa bắt đầu
A36: 16 | B36: =VLOOKUP($L$4&"_"&$A36, Khung_KeHoach_Chuan!$A$11:$J$91, 4, FALSE) -> IV. KIỂM THỬ & ĐÁNH GIÁ | C36: =VLOOKUP($L$4&"_"&$A36, Khung_KeHoach_Chuan!$A$11:$J$91, 5, FALSE) -> Tổng hợp số liệu thực nghiệm & biểu đồ đánh giá hệ thống | D36: =VLOOKUP($L$4&"_"&$A36, Khung_KeHoach_Chuan!$A$11:$J$91, 6, FALSE) -> Độ trễ định tuyến, thông lượng, tỷ lệ mất gói, so sánh trước/sau khi áp dụng SDN | F36: =VLOOKUP($L$4&"_"&$A36, Khung_KeHoach_Chuan!$A$11:$J$91, 7, FALSE) -> 2026-11-09 | G36: =VLOOKUP($L$4&"_"&$A36, Khung_KeHoach_Chuan!$A$11:$J$91, 8, FALSE) -> 2026-11-15 | H36: =VLOOKUP($L$4&"_"&$A36, Khung_KeHoach_Chuan!$A$11:$J$91, 9, FALSE) -> Bộ biểu đồ kết quả + Bảng so sánh hiệu quả mạng truyền thống và SDN | I36: Chưa bắt đầu
A37: 17 | B37: =VLOOKUP($L$4&"_"&$A37, Khung_KeHoach_Chuan!$A$11:$J$91, 4, FALSE) -> IV. KIỂM THỬ & ĐÁNH GIÁ | C37: =VLOOKUP($L$4&"_"&$A37, Khung_KeHoach_Chuan!$A$11:$J$91, 5, FALSE) -> Đánh giá đạt mục tiêu & ghi nhận hạn chế | D37: =VLOOKUP($L$4&"_"&$A37, Khung_KeHoach_Chuan!$A$11:$J$91, 6, FALSE) -> Đối chiếu mục tiêu ban đầu, chỉ ra hạn chế & đề xuất hướng cải tiến | F37: =VLOOKUP($L$4&"_"&$A37, Khung_KeHoach_Chuan!$A$11:$J$91, 7, FALSE) -> 2026-11-12 | G37: =VLOOKUP($L$4&"_"&$A37, Khung_KeHoach_Chuan!$A$11:$J$91, 8, FALSE) -> 2026-11-18 | H37: =VLOOKUP($L$4&"_"&$A37, Khung_KeHoach_Chuan!$A$11:$J$91, 9, FALSE) -> Bảng đối chiếu mục tiêu - kết quả đạt được | I37: Chưa bắt đầu
A38: 18 | B38: =VLOOKUP($L$4&"_"&$A38, Khung_KeHoach_Chuan!$A$11:$J$91, 4, FALSE) -> V. VIẾT & HOÀN THIỆN BÁO CÁO | C38: =VLOOKUP($L$4&"_"&$A38, Khung_KeHoach_Chuan!$A$11:$J$91, 5, FALSE) -> Xây dựng dàn ý & viết chương mở đầu, cơ sở lý thuyết | D38: =VLOOKUP($L$4&"_"&$A38, Khung_KeHoach_Chuan!$A$11:$J$91, 6, FALSE) -> Tổng quan SDN/SD-WAN, cơ sở lý thuyết định tuyến/điều khiển mạng, phát biểu bài toán | F38: =VLOOKUP($L$4&"_"&$A38, Khung_KeHoach_Chuan!$A$11:$J$91, 7, FALSE) -> 2026-10-26 | G38: =VLOOKUP($L$4&"_"&$A38, Khung_KeHoach_Chuan!$A$11:$J$91, 8, FALSE) -> 2026-11-08 | H38: =VLOOKUP($L$4&"_"&$A38, Khung_KeHoach_Chuan!$A$11:$J$91, 9, FALSE) -> Bản thảo Chương 1, 2, 3 hoàn chỉnh | I38: Chưa bắt đầu
A39: 19 | B39: =VLOOKUP($L$4&"_"&$A39, Khung_KeHoach_Chuan!$A$11:$J$91, 4, FALSE) -> V. VIẾT & HOÀN THIỆN BÁO CÁO | C39: =VLOOKUP($L$4&"_"&$A39, Khung_KeHoach_Chuan!$A$11:$J$91, 5, FALSE) -> Viết chương thiết kế hệ thống, triển khai & kết quả thực nghiệm | D39: =VLOOKUP($L$4&"_"&$A39, Khung_KeHoach_Chuan!$A$11:$J$91, 6, FALSE) -> Kiến trúc mạng, luồng điều khiển, kết quả thực nghiệm, biểu đồ minh họa | F39: =VLOOKUP($L$4&"_"&$A39, Khung_KeHoach_Chuan!$A$11:$J$91, 7, FALSE) -> 2026-11-09 | G39: =VLOOKUP($L$4&"_"&$A39, Khung_KeHoach_Chuan!$A$11:$J$91, 8, FALSE) -> 2026-11-18 | H39: =VLOOKUP($L$4&"_"&$A39, Khung_KeHoach_Chuan!$A$11:$J$91, 9, FALSE) -> Bản thảo Chương 4, 5 đầy đủ sơ đồ và số liệu | I39: Chưa bắt đầu
A40: 20 | B40: =VLOOKUP($L$4&"_"&$A40, Khung_KeHoach_Chuan!$A$11:$J$91, 4, FALSE) -> V. VIẾT & HOÀN THIỆN BÁO CÁO | C40: =VLOOKUP($L$4&"_"&$A40, Khung_KeHoach_Chuan!$A$11:$J$91, 5, FALSE) -> Hoàn thiện bản thảo toàn văn (Draft 100%) | D40: =VLOOKUP($L$4&"_"&$A40, Khung_KeHoach_Chuan!$A$11:$J$91, 6, FALSE) -> Ghép nối toàn bộ nội dung, rà soát nhất quán thuật ngữ SDN/SD-WAN | F40: =VLOOKUP($L$4&"_"&$A40, Khung_KeHoach_Chuan!$A$11:$J$91, 7, FALSE) -> 2026-11-16 | G40: =VLOOKUP($L$4&"_"&$A40, Khung_KeHoach_Chuan!$A$11:$J$91, 8, FALSE) -> 2026-11-20 | H40: =VLOOKUP($L$4&"_"&$A40, Khung_KeHoach_Chuan!$A$11:$J$91, 9, FALSE) -> Bản thảo báo cáo toàn văn 100% | I40: Chưa bắt đầu
A41: 21 | B41: =VLOOKUP($L$4&"_"&$A41, Khung_KeHoach_Chuan!$A$11:$J$91, 4, FALSE) -> V. VIẾT & HOÀN THIỆN BÁO CÁO | C41: =VLOOKUP($L$4&"_"&$A41, Khung_KeHoach_Chuan!$A$11:$J$91, 5, FALSE) -> Review chéo, xin ý kiến GVHD & chỉnh sửa hoàn thiện | D41: =VLOOKUP($L$4&"_"&$A41, Khung_KeHoach_Chuan!$A$11:$J$91, 6, FALSE) -> GVHD góp ý tính đúng đắn kỹ thuật mạng, chỉnh sửa văn phong | F41: =VLOOKUP($L$4&"_"&$A41, Khung_KeHoach_Chuan!$A$11:$J$91, 7, FALSE) -> 2026-11-18 | G41: =VLOOKUP($L$4&"_"&$A41, Khung_KeHoach_Chuan!$A$11:$J$91, 8, FALSE) -> 2026-11-20 | H41: =VLOOKUP($L$4&"_"&$A41, Khung_KeHoach_Chuan!$A$11:$J$91, 9, FALSE) -> Biên bản phản hồi góp ý + Bản sửa lần cuối | I41: Chưa bắt đầu
A42: 22 | B42: =VLOOKUP($L$4&"_"&$A42, Khung_KeHoach_Chuan!$A$11:$J$91, 4, FALSE) -> V. VIẾT & HOÀN THIỆN BÁO CÁO | C42: =VLOOKUP($L$4&"_"&$A42, Khung_KeHoach_Chuan!$A$11:$J$91, 5, FALSE) -> CHỐT BÁO CÁO SẠCH (FINAL REPORT) | D42: =VLOOKUP($L$4&"_"&$A42, Khung_KeHoach_Chuan!$A$11:$J$91, 6, FALSE) -> Khóa nội dung, kiểm tra định dạng chuẩn TDTU, xuất PDF hoàn chỉnh | F42: =VLOOKUP($L$4&"_"&$A42, Khung_KeHoach_Chuan!$A$11:$J$91, 7, FALSE) -> 2026-11-20 | G42: =VLOOKUP($L$4&"_"&$A42, Khung_KeHoach_Chuan!$A$11:$J$91, 8, FALSE) -> 2026-11-20 | H42: =VLOOKUP($L$4&"_"&$A42, Khung_KeHoach_Chuan!$A$11:$J$91, 9, FALSE) -> BÁO CÁO SẠCH FINAL READY TO SUBMIT | I42: Chưa bắt đầu
... A47: 27 | B47: =VLOOKUP($L$4&"_"&$A47, Khung_KeHoach_Chuan!$A$11:$J$91, 4, FALSE) -> VI. ĐÓNG GÓI, BÁO CÁO & ĐÁNH GIÁ RUBRIC | C47: =VLOOKUP($L$4&"_"&$A47, Khung_KeHoach_Chuan!$A$11:$J$91, 5, FALSE) -> BÁO CÁO VỚI GVPB & NHẬP ĐIỂM RUBRIC | D47: =VLOOKUP($L$4&"_"&$A47, Khung_KeHoach_Chuan!$A$11:$J$91, 6, FALSE) -> Báo cáo trực tiếp với GVPB; GVPB và GVHD thống nhất điểm trên Rubric | F47: =VLOOKUP($L$4&"_"&$A47, Khung_KeHoach_Chuan!$A$11:$J$91, 7, FALSE) -> 2026-12-26 | G47: =VLOOKUP($L$4&"_"&$A47, Khung_KeHoach_Chuan!$A$11:$J$91, 8, FALSE) -> 2026-12-31 | H47: =VLOOKUP($L$4&"_"&$A47, Khung_KeHoach_Chuan!$A$11:$J$91, 9, FALSE) -> Hoàn thành bảo vệ & Điểm số Rubric chính thức | I47: Chưa bắt đầu
A48: KHỐI CÔNG VIỆC - LOẠI HÌNH THỨ 2 (CHỈ DÙNG NẾU NHÓM LÀM ĐỒNG THỜI 2 LOẠI HÌNH)
A49: STT | B49: Giai Đoạn | C49: Hạng Mục Công Việc | D49: Nội Dung Cần Thực Hiện / Gợi Ý | E49: Nội Dung Nhóm Tự Điền | F49: Bắt Đầu | G49: Hạn Hoàn Thành | H49: Kết Quả Đầu Ra Gợi Ý | I49: Trạng Thái (*) | J49: Người Phụ Trách / Ghi Chú & Link
A50: 1 | B50: =IFERROR(VLOOKUP($C$10&"_"&$A50, Khung_KeHoach_Chuan!$A$11:$J$91, 4, FALSE),"") -> I. ĐỊNH HƯỚNG & PHƯƠNG PHÁP LUẬN | C50: =IFERROR(VLOOKUP($C$10&"_"&$A50, Khung_KeHoach_Chuan!$A$11:$J$91, 5, FALSE),"") -> Xác định đề tài nghiên cứu ứng dụng ML trong SDN/SD-WAN & phạm vi ĐATN | D50: =IFERROR(VLOOKUP($C$10&"_"&$A50, Khung_KeHoach_Chuan!$A$11:$J$91, 6, FALSE),"") -> Bài toán mạng cụ thể (định tuyến thông minh/phát hiện tấn công/tối ưu QoS bằng ML), mục tiêu & phạm vi | E50: Áp dụng LLM dịch ý định cấu hình, dùng thuật toán học máy (BiGRU/Random Forest) phân tích telemetry để phát hiện nghẽn và tự định tuyến SD-WAN. | F50: =IFERROR(VLOOKUP($C$10&"_"&$A50, Khung_KeHoach_Chuan!$A$11:$J$91, 7, FALSE),"") -> 2026-08-24 | G50: =IFERROR(VLOOKUP($C$10&"_"&$A50, Khung_KeHoach_Chuan!$A$11:$J$91, 8, FALSE),"") -> 2026-08-31 | H50: =IFERROR(VLOOKUP($C$10&"_"&$A50, Khung_KeHoach_Chuan!$A$11:$J$91, 9, FALSE),"") -> Đề cương chi tiết ĐATN + Tuyên bố bài toán & phạm vi ứng dụng ML/SDN | I50: Hoàn thành | J50: Cả hai
A51: 2 | B51: =IFERROR(VLOOKUP($C$10&"_"&$A51, Khung_KeHoach_Chuan!$A$11:$J$91, 4, FALSE),"") -> I. ĐỊNH HƯỚNG & PHƯƠNG PHÁP LUẬN | C51: =IFERROR(VLOOKUP($C$10&"_"&$A51, Khung_KeHoach_Chuan!$A$11:$J$91, 5, FALSE),"") -> Khảo sát tài liệu học thuật về SDN/SD-WAN & các mô hình ML liên quan | D51: =IFERROR(VLOOKUP($C$10&"_"&$A51, Khung_KeHoach_Chuan!$A$11:$J$91, 6, FALSE),"") -> Tổng hợp bài báo, giải pháp hiện có; phân tích ưu nhược điểm các phương pháp ML trong quản lý mạng | E51: Đọc các paper về Intent-Based Networking (IBN), QoS, và ứng dụng Machine Learning trong việc phân loại lưu lượng và dự báo hiệu năng mạng SDN. | F51: =IFERROR(VLOOKUP($C$10&"_"&$A51, Khung_KeHoach_Chuan!$A$11:$J$91, 7, FALSE),"") -> 2026-08-24 | G51: =IFERROR(VLOOKUP($C$10&"_"&$A51, Khung_KeHoach_Chuan!$A$11:$J$91, 8, FALSE),"") -> 2026-09-05 | H51: =IFERROR(VLOOKUP($C$10&"_"&$A51, Khung_KeHoach_Chuan!$A$11:$J$91, 9, FALSE),"") -> Báo cáo tổng quan nghiên cứu (Literature Review v1) | I51: Hoàn thành | J51: Khánh
A52: 3 | B52: =IFERROR(VLOOKUP($C$10&"_"&$A52, Khung_KeHoach_Chuan!$A$11:$J$91, 4, FALSE),"") -> I. ĐỊNH HƯỚNG & PHƯƠNG PHÁP LUẬN | C52: =IFERROR(VLOOKUP($C$10&"_"&$A52, Khung_KeHoach_Chuan!$A$11:$J$91, 5, FALSE),"") -> Đề xuất kiến trúc giải pháp SDN/SD-WAN tích hợp ML | D52: =IFERROR(VLOOKUP($C$10&"_"&$A52, Khung_KeHoach_Chuan!$A$11:$J$91, 6, FALSE),"") -> Controller, mô hình ML đề xuất (thuật toán, kiến trúc mạng nơ-ron nếu có), luồng xử lý dữ liệu | E52: Thiết kế kiến trúc vòng lặp khép kín (Closed-loop): Telemetry Data ➔ AI Analysis ➔ Policy Engine (Python) ➔ SDN Controller (Ryu/FRR). | F52: =IFERROR(VLOOKUP($C$10&"_"&$A52, Khung_KeHoach_Chuan!$A$11:$J$91, 7, FALSE),"") -> 2026-09-01 | G52: =IFERROR(VLOOKUP($C$10&"_"&$A52, Khung_KeHoach_Chuan!$A$11:$J$91, 8, FALSE),"") -> 2026-09-08 | H52: =IFERROR(VLOOKUP($C$10&"_"&$A52, Khung_KeHoach_Chuan!$A$11:$J$91, 9, FALSE),"") -> Sơ đồ kiến trúc giải pháp đề xuất + Lý giải lựa chọn | I52: Hoàn thành | J52: Cả hai
A53: 4 | B53: =IFERROR(VLOOKUP($C$10&"_"&$A53, Khung_KeHoach_Chuan!$A$11:$J$91, 4, FALSE),"") -> I. ĐỊNH HƯỚNG & PHƯƠNG PHÁP LUẬN | C53: =IFERROR(VLOOKUP($C$10&"_"&$A53, Khung_KeHoach_Chuan!$A$11:$J$91, 5, FALSE),"") -> Lập kế hoạch WBS 18 tuần, phân công & quản trị rủi ro | D53: =IFERROR(VLOOKUP($C$10&"_"&$A53, Khung_KeHoach_Chuan!$A$11:$J$91, 6, FALSE),"") -> Phân rã công việc thu thập dữ liệu mạng, huấn luyện mô hình, tích hợp hệ thống; Git repo, Drive | E53: Lên lộ trình: Giai đoạn 1 thu thập Dataset mạng thực tế; Giai đoạn 2 huấn luyện mô hình; Giai đoạn 3 code luồng Failover tự động. | F53: =IFERROR(VLOOKUP($C$10&"_"&$A53, Khung_KeHoach_Chuan!$A$11:$J$91, 7, FALSE),"") -> 2026-09-03 | G53: =IFERROR(VLOOKUP($C$10&"_"&$A53, Khung_KeHoach_Chuan!$A$11:$J$91, 8, FALSE),"") -> 2026-09-10 | H53: =IFERROR(VLOOKUP($C$10&"_"&$A53, Khung_KeHoach_Chuan!$A$11:$J$91, 9, FALSE),"") -> WBS Roadmap 18 tuần + Git repo + Quy chế làm việc | I53: Hoàn thành | J53: Khoa
A54: 5 | B54: =IFERROR(VLOOKUP($C$10&"_"&$A54, Khung_KeHoach_Chuan!$A$11:$J$91, 4, FALSE),"") -> II. THIẾT KẾ & CHUẨN BỊ | C54: =IFERROR(VLOOKUP($C$10&"_"&$A54, Khung_KeHoach_Chuan!$A$11:$J$91, 5, FALSE),"") -> Thiết kế kiến trúc hệ thống, thuật toán ML & cơ sở dữ liệu mạng | D54: =IFERROR(VLOOKUP($C$10&"_"&$A54, Khung_KeHoach_Chuan!$A$11:$J$91, 6, FALSE),"") -> Kiến trúc controller-ML engine, thuật toán xử lý, schema lưu trữ flow/traffic data | E54: Đề xuất schema cho CSDL mạng (telemetry_dataset.csv). Thiết kế giải thuật chấm điểm (scoring algorithm) lựa chọn đường truyền dựa trên delay/loss/jitter. | F54: =IFERROR(VLOOKUP($C$10&"_"&$A54, Khung_KeHoach_Chuan!$A$11:$J$91, 7, FALSE),"") -> 2026-09-08 | G54: =IFERROR(VLOOKUP($C$10&"_"&$A54, Khung_KeHoach_Chuan!$A$11:$J$91, 8, FALSE),"") -> 2026-09-19 | H54: =IFERROR(VLOOKUP($C$10&"_"&$A54, Khung_KeHoach_Chuan!$A$11:$J$91, 9, FALSE),"") -> Tài liệu đặc tả thiết kế chi tiết (System Architecture) | I54: Hoàn thành | J54: Khoa
A55: 6 | B55: =IFERROR(VLOOKUP($C$10&"_"&$A55, Khung_KeHoach_Chuan!$A$11:$J$91, 4, FALSE),"") -> II. THIẾT KẾ & CHUẨN BỊ | C55: =IFERROR(VLOOKUP($C$10&"_"&$A55, Khung_KeHoach_Chuan!$A$11:$J$91, 5, FALSE),"") -> Chuẩn bị hạ tầng thử nghiệm SDN/SD-WAN, dataset & công cụ | D55: =IFERROR(VLOOKUP($C$10&"_"&$A55, Khung_KeHoach_Chuan!$A$11:$J$91, 6, FALSE),"") -> Testbed (Mininet/Containerlab/GNS3), thu thập/tìm dataset traffic chuẩn, cài đặt công cụ ML | E55: Viết thành công luồng (daemon thread) chạy ngầm trong Flask, tự động gọi Ryu REST API mỗi 5s để thu thập Port stats/Flow stats ghi vào file CSV. | F55: =IFERROR(VLOOKUP($C$10&"_"&$A55, Khung_KeHoach_Chuan!$A$11:$J$91, 7, FALSE),"") -> 2026-09-11 | G55: =IFERROR(VLOOKUP($C$10&"_"&$A55, Khung_KeHoach_Chuan!$A$11:$J$91, 8, FALSE),"") -> 2026-09-19 | H55: =IFERROR(VLOOKUP($C$10&"_"&$A55, Khung_KeHoach_Chuan!$A$11:$J$91, 9, FALSE),"") -> Môi trường thực nghiệm chuẩn hóa + Bộ công cụ thử nghiệm | I55: Hoàn thành | J55: Khoa
A56: 7 | B56: =IFERROR(VLOOKUP($C$10&"_"&$A56, Khung_KeHoach_Chuan!$A$11:$J$91, 4, FALSE),"") -> II. THIẾT KẾ & CHUẨN BỊ | C56: =IFERROR(VLOOKUP($C$10&"_"&$A56, Khung_KeHoach_Chuan!$A$11:$J$91, 5, FALSE),"") -> Xây dựng kịch bản thực nghiệm & Baseline đánh giá | D56: =IFERROR(VLOOKUP($C$10&"_"&$A56, Khung_KeHoach_Chuan!$A$11:$J$91, 6, FALSE),"") -> Kịch bản mô phỏng lưu lượng/tấn công, đối tượng baseline so sánh, độ đo đánh giá | E56: Chuẩn bị kịch bản thực nghiệm dùng lệnh Linux tc netem tạo độ trễ giả và iperf3 tạo nghẽn băng thông để gán nhãn cho bộ dataset. | F56: =IFERROR(VLOOKUP($C$10&"_"&$A56, Khung_KeHoach_Chuan!$A$11:$J$91, 7, FALSE),"") -> 2026-09-15 | G56: =IFERROR(VLOOKUP($C$10&"_"&$A56, Khung_KeHoach_Chuan!$A$11:$J$91, 8, FALSE),"") -> 2026-09-22 | H56: =IFERROR(VLOOKUP($C$10&"_"&$A56, Khung_KeHoach_Chuan!$A$11:$J$91, 9, FALSE),"") -> Kịch bản thực nghiệm chi tiết + Danh mục Benchmark | I56: Hoàn thành | J56: Khánh
A57: 8 | B57: =IFERROR(VLOOKUP($C$10&"_"&$A57, Khung_KeHoach_Chuan!$A$11:$J$91, 4, FALSE),"") -> II. THIẾT KẾ & CHUẨN BỊ | C57: =IFERROR(VLOOKUP($C$10&"_"&$A57, Khung_KeHoach_Chuan!$A$11:$J$91, 5, FALSE),"") -> Thực hiện PoC kiểm chứng tính khả thi của giải pháp đề xuất | D57: =IFERROR(VLOOKUP($C$10&"_"&$A57, Khung_KeHoach_Chuan!$A$11:$J$91, 6, FALSE),"") -> Chạy thử giải pháp trên topology thu gọn để chứng minh khả năng triển khai thực tế | E57: Đang tiến hành cài đặt mô phỏng router Linux (FRRouting) trong GNS3 để thay thế Cisco IOSv, phục vụ PoC chuyển đường động (Path Selection). | F57: =IFERROR(VLOOKUP($C$10&"_"&$A57, Khung_KeHoach_Chuan!$A$11:$J$91, 7, FALSE),"") -> 2026-09-16 | G57: =IFERROR(VLOOKUP($C$10&"_"&$A57, Khung_KeHoach_Chuan!$A$11:$J$91, 8, FALSE),"") -> 2026-09-24 | H57: =IFERROR(VLOOKUP($C$10&"_"&$A57, Khung_KeHoach_Chuan!$A$11:$J$91, 9, FALSE),"") -> Báo cáo thực nghiệm PoC + Đánh giá tính khả thi | I57: Đang thực hiện | J57: Khánh
A58: 9 | B58: =IFERROR(VLOOKUP($C$10&"_"&$A58, Khung_KeHoach_Chuan!$A$11:$J$91, 4, FALSE),"") -> III. TRIỂN KHAI / THỰC NGHIỆM | C58: =IFERROR(VLOOKUP($C$10&"_"&$A58, Khung_KeHoach_Chuan!$A$11:$J$91, 5, FALSE),"") -> Xây dựng Prototype/MVP: hệ thống SDN/SD-WAN vận hành ổn định | D58: =IFERROR(VLOOKUP($C$10&"_"&$A58, Khung_KeHoach_Chuan!$A$11:$J$91, 6, FALSE),"") -> Hoàn thiện module trung tâm (controller + orchestrator), luồng dữ liệu thông suốt đầu-cuối | E58: Thu thập thành công luồng dữ liệu telemetry cơ bản. Đang phát triển module Path Selector và thử nghiệm cấu trúc Intent parsing cho LLM. | F58: =IFERROR(VLOOKUP($C$10&"_"&$A58, Khung_KeHoach_Chuan!$A$11:$J$91, 7, FALSE),"") -> 2026-09-20 | G58: =IFERROR(VLOOKUP($C$10&"_"&$A58, Khung_KeHoach_Chuan!$A$11:$J$91, 8, FALSE),"") -> 2026-09-30 | H58: =IFERROR(VLOOKUP($C$10&"_"&$A58, Khung_KeHoach_Chuan!$A$11:$J$91, 9, FALSE),"") -> Prototype/MVP hoạt động ổn định trên tập test | I58: Đang thực hiện | J58: Cả hai
A59: 10 | B59: =IFERROR(VLOOKUP($C$10&"_"&$A59, Khung_KeHoach_Chuan!$A$11:$J$91, 4, FALSE),"") -> III. TRIỂN KHAI / THỰC NGHIỆM | C59: =IFERROR(VLOOKUP($C$10&"_"&$A59, Khung_KeHoach_Chuan!$A$11:$J$91, 5, FALSE),"") -> NỘP BÁO CÁO TIẾN ĐỘ GIỮA KỲ (MỐC KHOA) | D59: =IFERROR(VLOOKUP($C$10&"_"&$A59, Khung_KeHoach_Chuan!$A$11:$J$91, 6, FALSE),"") -> Tổng hợp tiến độ, nộp phiếu theo dõi có chữ ký GVHD | E59: Hoàn tất thu thập báo cáo tiến độ, minh chứng hoạt động của module thu thập dữ liệu (Telemetry worker) trình GVHD. | F59: =IFERROR(VLOOKUP($C$10&"_"&$A59, Khung_KeHoach_Chuan!$A$11:$J$91, 7, FALSE),"") -> 2026-09-20 | G59: =IFERROR(VLOOKUP($C$10&"_"&$A59, Khung_KeHoach_Chuan!$A$11:$J$91, 8, FALSE),"") -> 2026-10-04 | H59: =IFERROR(VLOOKUP($C$10&"_"&$A59, Khung_KeHoach_Chuan!$A$11:$J$91, 9, FALSE),"") -> Phiếu theo dõi có chữ ký GVHD + Báo cáo giữa kỳ ELIT | I59: Chưa bắt đầu | J59: Cả hai
A60: 11 | B60: =IFERROR(VLOOKUP($C$10&"_"&$A60, Khung_KeHoach_Chuan!$A$11:$J$91, 4, FALSE),"") -> III. TRIỂN KHAI / THỰC NGHIỆM | C60: =IFERROR(VLOOKUP($C$10&"_"&$A60, Khung_KeHoach_Chuan!$A$11:$J$91, 5, FALSE),"") -> Hoàn thiện toàn bộ module hệ thống & chính sách điều khiển | D60: =IFERROR(VLOOKUP($C$10&"_"&$A60, Khung_KeHoach_Chuan!$A$11:$J$91, 6, FALSE),"") -> Mở rộng tính năng, module giám sát mạng, chính sách tự động hóa cấu hình nếu có | F60: =IFERROR(VLOOKUP($C$10&"_"&$A60, Khung_KeHoach_Chuan!$A$11:$J$91, 7, FALSE),"") -> 2026-10-05 | G60: =IFERROR(VLOOKUP($C$10&"_"&$A60, Khung_KeHoach_Chuan!$A$11:$J$91, 8, FALSE),"") -> 2026-10-25 | H60: =IFERROR(VLOOKUP($C$10&"_"&$A60, Khung_KeHoach_Chuan!$A$11:$J$91, 9, FALSE),"") -> Hệ thống hoàn chỉnh tất cả các module | I60: Chưa bắt đầu
A61: 12 | B61: =IFERROR(VLOOKUP($C$10&"_"&$A61, Khung_KeHoach_Chuan!$A$11:$J$91, 4, FALSE),"") -> III. TRIỂN KHAI / THỰC NGHIỆM | C61: =IFERROR(VLOOKUP($C$10&"_"&$A61, Khung_KeHoach_Chuan!$A$11:$J$91, 5, FALSE),"") -> Tích hợp toàn diện hệ thống, kiểm thử liên kết & tối ưu hóa | D61: =IFERROR(VLOOKUP($C$10&"_"&$A61, Khung_KeHoach_Chuan!$A$11:$J$91, 6, FALSE),"") -> Kết nối các thành phần, tối ưu thời gian xử lý, cải thiện độ ổn định hệ thống | F61: =IFERROR(VLOOKUP($C$10&"_"&$A61, Khung_KeHoach_Chuan!$A$11:$J$91, 7, FALSE),"") -> 2026-10-26 | G61: =IFERROR(VLOOKUP($C$10&"_"&$A61, Khung_KeHoach_Chuan!$A$11:$J$91, 8, FALSE),"") -> 2026-11-08 | H61: =IFERROR(VLOOKUP($C$10&"_"&$A61, Khung_KeHoach_Chuan!$A$11:$J$91, 9, FALSE),"") -> Bản Release ứng cử viên (Release Candidate) | I61: Chưa bắt đầu
